Student_ID,Student_Name,Department,Semester,Subject,Internal_Mark,External_Mark,Assignment_Mark,Attendance
STU001,Student 001,AI & Data Science,1,Mathematics,10.8,28.0,9.5,79.7
STU001,Student 001,AI & Data Science,1,Programming,18.6,30.3,11.4,81.4
STU001,Student 001,AI & Data Science,1,Database Systems,11.2,36.3,8.5,78.9
STU001,Student 001,AI & Data Science,1,English,14.1,41.5,8.6,80.1
STU001,Student 001,AI & Data Science,1,Statistics,12.5,34.5,7.5,78.9
STU001,Student 001,AI & Data Science,2,Mathematics,15.2,42.4,10.3,78.3
STU001,Student 001,AI & Data Science,2,Programming,15.7,39.4,13.8,83.4
STU001,Student 001,AI & Data Science,2,Database Systems,12.5,41.5,11.9,82.9
STU001,Student 001,AI & Data Science,2,English,16.3,45.2,10.8,75.2
STU001,Student 001,AI & Data Science,2,Statistics,9.8,38.2,5.8,78.3
STU001,Student 001,AI & Data Science,3,Mathematics,15.6,14.8,7.8,82.7
STU001,Student 001,AI & Data Science,3,Programming,17.0,27.8,9.3,82.4
STU001,Student 001,AI & Data Science,3,Database Systems,10.0,26.8,10.7,81.0
STU001,Student 001,AI & Data Science,3,English,12.5,38.9,10.8,78.0
STU001,Student 001,AI & Data Science,3,Statistics,17.5,23.5,7.1,80.6
STU002,Student 002,Computer Science,1,Mathematics,13.0,30.2,7.8,84.1
STU002,Student 002,Computer Science,1,Programming,16.7,36.7,12.0,83.3
STU002,Student 002,Computer Science,1,Database Systems,13.3,37.5,11.1,84.0
STU002,Student 002,Computer Science,1,English,17.4,31.9,5.1,82.4
STU002,Student 002,Computer Science,1,Statistics,13.2,27.4,5.2,75.1
STU002,Student 002,Computer Science,2,Mathematics,10.7,27.7,5.3,84.7
STU002,Student 002,Computer Science,2,Programming,10.9,25.5,8.0,79.7
STU002,Student 002,Computer Science,2,Database Systems,15.2,40.2,10.2,77.5
STU002,Student 002,Computer Science,2,English,11.6,19.8,10.4,86.3
STU002,Student 002,Computer Science,2,Statistics,14.0,50.0,10.9,88.7
STU002,Student 002,Computer Science,3,Mathematics,12.3,25.5,5.5,85.3
STU002,Student 002,Computer Science,3,Programming,12.4,38.8,10.9,85.9
STU002,Student 002,Computer Science,3,Database Systems,12.7,41.7,11.1,85.7
STU002,Student 002,Computer Science,3,English,16.3,32.9,10.7,83.8
STU002,Student 002,Computer Science,3,Statistics,14.6,32.6,8.6,86.0
STU003,Student 003,Information Technology,1,Mathematics,11.8,31.7,8.4,90.9
STU003,Student 003,Information Technology,1,Programming,15.9,43.8,6.8,78.7
STU003,Student 003,Information Technology,1,Database Systems,16.4,36.0,10.5,86.3
STU003,Student 003,Information Technology,1,English,16.2,29.8,10.7,86.5
STU003,Student 003,Information Technology,1,Statistics,6.6,33.6,8.1,86.8
STU003,Student 003,Information Technology,2,Mathematics,10.6,24.1,8.2,84.4
STU003,Student 003,Information Technology,2,Programming,15.5,44.0,8.7,85.0
STU003,Student 003,Information Technology,2,Database Systems,11.4,36.9,10.4,88.9
STU003,Student 003,Information Technology,2,English,11.7,42.4,12.0,86.5
STU003,Student 003,Information Technology,2,Statistics,16.7,23.1,8.4,91.4
STU003,Student 003,Information Technology,3,Mathematics,13.1,35.3,8.9,84.4
STU003,Student 003,Information Technology,3,Programming,15.5,33.7,8.4,87.4
STU003,Student 003,Information Technology,3,Database Systems,14.0,30.8,8.7,89.5
STU003,Student 003,Information Technology,3,English,10.5,37.8,9.4,89.1
STU003,Student 003,Information Technology,3,Statistics,13.3,31.8,7.3,77.7
STU004,Student 004,AI & Data Science,1,Mathematics,22.4,42.9,12.3,74.3
STU004,Student 004,AI & Data Science,1,Programming,19.4,44.2,12.6,77.3
STU004,Student 004,AI & Data Science,1,Database Systems,20.8,43.1,15.0,75.7
STU004,Student 004,AI & Data Science,1,English,21.3,54.0,15.0,74.9
STU004,Student 004,AI & Data Science,1,Statistics,17.1,51.8,12.3,76.2
STU004,Student 004,AI & Data Science,2,Mathematics,19.5,55.1,13.6,74.0
STU004,Student 004,AI & Data Science,2,Programming,21.1,60.0,15.0,74.9
STU004,Student 004,AI & Data Science,2,Database Systems,19.7,58.6,15.0,71.4
STU004,Student 004,AI & Data Science,2,English,20.7,57.2,15.0,73.9
STU004,Student 004,AI & Data Science,2,Statistics,19.9,51.6,13.7,71.9
STU004,Student 004,AI & Data Science,3,Mathematics,20.3,47.4,10.9,70.9
STU004,Student 004,AI & Data Science,3,Programming,25.0,52.9,11.8,77.0
STU004,Student 004,AI & Data Science,3,Database Systems,18.2,46.5,15.0,72.3
STU004,Student 004,AI & Data Science,3,English,25.0,60.0,14.5,76.5
STU004,Student 004,AI & Data Science,3,Statistics,19.1,50.6,14.2,76.5
STU005,Student 005,Computer Science,1,Mathematics,17.3,51.8,10.2,88.0
STU005,Student 005,Computer Science,1,Programming,16.5,56.9,12.8,89.4
STU005,Student 005,Computer Science,1,Database Systems,21.2,43.0,11.0,86.2
STU005,Student 005,Computer Science,1,English,15.6,44.8,13.5,85.6
STU005,Student 005,Computer Science,1,Statistics,17.6,34.9,15.0,84.4
STU005,Student 005,Computer Science,2,Mathematics,13.0,40.0,11.6,88.7
STU005,Student 005,Computer Science,2,Programming,22.1,52.9,13.8,82.7
STU005,Student 005,Computer Science,2,Database Systems,20.2,45.7,11.8,79.6
STU005,Student 005,Computer Science,2,English,24.5,49.5,13.2,85.9
STU005,Student 005,Computer Science,2,Statistics,17.5,50.3,12.7,87.0
STU005,Student 005,Computer Science,3,Mathematics,20.5,45.7,14.1,82.2
STU005,Student 005,Computer Science,3,Programming,22.2,48.0,11.0,85.9
STU005,Student 005,Computer Science,3,Database Systems,21.2,33.4,15.0,84.6
STU005,Student 005,Computer Science,3,English,16.2,52.5,15.0,88.8
STU005,Student 005,Computer Science,3,Statistics,21.3,58.8,12.8,87.7
STU006,Student 006,Information Technology,1,Mathematics,12.8,28.8,8.7,97.6
STU006,Student 006,Information Technology,1,Programming,15.1,32.9,9.5,89.3
STU006,Student 006,Information Technology,1,Database Systems,12.3,28.5,4.4,90.9
STU006,Student 006,Information Technology,1,English,15.3,26.2,8.2,100.0
STU006,Student 006,Information Technology,1,Statistics,13.6,20.1,8.6,100.0
STU006,Student 006,Information Technology,2,Mathematics,14.2,18.1,8.7,93.8
STU006,Student 006,Information Technology,2,Programming,15.1,28.5,10.1,96.7
STU006,Student 006,Information Technology,2,Database Systems,10.6,22.4,7.8,96.3
STU006,Student 006,Information Technology,2,English,15.6,28.1,9.4,96.2
STU006,Student 006,Information Technology,2,Statistics,10.0,31.2,6.3,96.9
STU006,Student 006,Information Technology,3,Mathematics,10.9,29.1,5.1,93.7
STU006,Student 006,Information Technology,3,Programming,17.4,36.8,7.0,91.1
STU006,Student 006,Information Technology,3,Database Systems,9.6,21.8,8.9,95.2
STU006,Student 006,Information Technology,3,English,12.7,39.3,7.2,90.9
STU006,Student 006,Information Technology,3,Statistics,16.5,30.8,8.6,95.4
STU007,Student 007,AI & Data Science,1,Mathematics,20.9,35.3,9.8,99.4
STU007,Student 007,AI & Data Science,1,Programming,20.6,40.2,13.6,91.9
STU007,Student 007,AI & Data Science,1,Database Systems,18.9,42.0,11.2,93.1
STU007,Student 007,AI & Data Science,1,English,14.1,49.5,10.5,89.5
STU007,Student 007,AI & Data Science,1,Statistics,16.8,33.6,7.5,90.4
STU007,Student 007,AI & Data Science,2,Mathematics,14.6,45.8,10.3,89.0
STU007,Student 007,AI & Data Science,2,Programming,23.9,40.8,11.5,90.5
STU007,Student 007,AI & Data Science,2,Database Systems,16.1,52.3,9.9,91.1
STU007,Student 007,AI & Data Science,2,English,16.8,47.9,10.6,86.8
STU007,Student 007,AI & Data Science,2,Statistics,18.3,53.3,9.7,92.8
STU007,Student 007,AI & Data Science,3,Mathematics,18.8,42.4,8.2,90.4
STU007,Student 007,AI & Data Science,3,Programming,21.5,42.3,12.9,88.0
STU007,Student 007,AI & Data Science,3,Database Systems,20.6,39.9,13.2,90.9
STU007,Student 007,AI & Data Science,3,English,18.8,49.0,15.0,95.3
STU007,Student 007,AI & Data Science,3,Statistics,15.1,43.4,8.7,88.9
STU008,Student 008,Computer Science,1,Mathematics,11.5,27.2,9.0,94.0
STU008,Student 008,Computer Science,1,Programming,15.5,24.3,6.3,92.4
STU008,Student 008,Computer Science,1,Database Systems,11.0,22.2,10.2,93.7
STU008,Student 008,Computer Science,1,English,11.3,38.0,10.3,94.1
STU008,Student 008,Computer Science,1,Statistics,11.0,27.7,8.2,97.1
STU008,Student 008,Computer Science,2,Mathematics,12.2,17.8,5.6,98.7
STU008,Student 008,Computer Science,2,Programming,11.9,27.7,6.9,93.7
STU008,Student 008,Computer Science,2,Database Systems,10.9,23.0,10.4,92.5
STU008,Student 008,Computer Science,2,English,14.4,41.6,9.7,92.3
STU008,Student 008,Computer Science,2,Statistics,7.8,22.6,5.8,96.5
STU008,Student 008,Computer Science,3,Mathematics,11.2,26.1,9.7,87.1
STU008,Student 008,Computer Science,3,Programming,10.2,35.1,9.9,89.7
STU008,Student 008,Computer Science,3,Database Systems,8.0,15.4,5.8,94.4
STU008,Student 008,Computer Science,3,English,13.5,29.0,9.3,94.5
STU008,Student 008,Computer Science,3,Statistics,13.6,34.4,5.7,95.2
STU009,Student 009,Information Technology,1,Mathematics,14.9,44.0,11.5,82.3
STU009,Student 009,Information Technology,1,Programming,12.2,36.9,8.5,81.2
STU009,Student 009,Information Technology,1,Database Systems,13.8,38.4,10.3,79.5
STU009,Student 009,Information Technology,1,English,13.3,45.1,9.0,80.9
STU009,Student 009,Information Technology,1,Statistics,12.8,31.3,12.7,74.8
STU009,Student 009,Information Technology,2,Mathematics,14.4,23.7,11.1,79.5
STU009,Student 009,Information Technology,2,Programming,15.2,37.5,9.6,77.2
STU009,Student 009,Information Technology,2,Database Systems,19.3,26.5,7.7,78.1
STU009,Student 009,Information Technology,2,English,18.2,34.6,12.0,69.9
STU009,Student 009,Information Technology,2,Statistics,14.3,38.6,10.8,79.3
STU009,Student 009,Information Technology,3,Mathematics,13.5,42.7,10.1,77.4
STU009,Student 009,Information Technology,3,Programming,13.7,39.5,11.0,73.6
STU009,Student 009,Information Technology,3,Database Systems,19.2,42.5,9.3,80.3
STU009,Student 009,Information Technology,3,English,16.5,32.5,13.1,77.4
STU009,Student 009,Information Technology,3,Statistics,16.9,27.2,8.5,79.2
STU010,Student 010,AI & Data Science,1,Mathematics,6.3,23.0,12.2,74.4
STU010,Student 010,AI & Data Science,1,Programming,12.2,21.7,12.3,73.7
STU010,Student 010,AI & Data Science,1,Database Systems,13.0,41.0,9.5,71.5
STU010,Student 010,AI & Data Science,1,English,11.6,32.3,7.3,76.0
STU010,Student 010,AI & Data Science,1,Statistics,12.5,17.6,5.9,62.1
STU010,Student 010,AI & Data Science,2,Mathematics,13.9,25.4,7.6,74.3
STU010,Student 010,AI & Data Science,2,Programming,11.9,24.4,5.1,71.7
STU010,Student 010,AI & Data Science,2,Database Systems,12.0,22.6,11.8,71.4
STU010,Student 010,AI & Data Science,2,English,20.0,24.5,8.9,65.6
STU010,Student 010,AI & Data Science,2,Statistics,4.9,25.7,6.7,67.5
STU010,Student 010,AI & Data Science,3,Mathematics,10.5,16.4,7.7,68.5
STU010,Student 010,AI & Data Science,3,Programming,13.0,29.1,10.2,70.7
STU010,Student 010,AI & Data Science,3,Database Systems,7.8,45.4,8.6,72.3
STU010,Student 010,AI & Data Science,3,English,16.6,32.1,6.5,70.3
STU010,Student 010,AI & Data Science,3,Statistics,12.5,40.1,7.9,68.1
STU011,Student 011,Computer Science,1,Mathematics,10.8,28.4,7.4,98.5
STU011,Student 011,Computer Science,1,Programming,10.1,25.0,11.2,98.9
STU011,Student 011,Computer Science,1,Database Systems,13.5,39.2,9.4,97.7
STU011,Student 011,Computer Science,1,English,13.8,31.3,6.6,94.2
STU011,Student 011,Computer Science,1,Statistics,16.4,12.1,10.6,96.4
STU011,Student 011,Computer Science,2,Mathematics,12.9,31.0,8.1,97.9
STU011,Student 011,Computer Science,2,Programming,13.3,41.8,7.9,97.9
STU011,Student 011,Computer Science,2,Database Systems,14.8,33.1,8.1,98.8
STU011,Student 011,Computer Science,2,English,12.1,25.2,7.6,100.0
STU011,Student 011,Computer Science,2,Statistics,15.1,24.2,10.6,98.2
STU011,Student 011,Computer Science,3,Mathematics,15.3,32.5,8.8,97.9
STU011,Student 011,Computer Science,3,Programming,11.8,32.0,11.0,97.3
STU011,Student 011,Computer Science,3,Database Systems,13.4,33.6,9.2,99.0
STU011,Student 011,Computer Science,3,English,15.8,37.6,8.9,100.0
STU011,Student 011,Computer Science,3,Statistics,10.4,11.1,11.4,94.3
STU012,Student 012,Information Technology,1,Mathematics,14.7,36.9,11.2,78.0
STU012,Student 012,Information Technology,1,Programming,15.7,40.0,10.5,81.9
STU012,Student 012,Information Technology,1,Database Systems,18.4,28.4,10.6,77.6
STU012,Student 012,Information Technology,1,English,19.2,35.6,11.0,84.4
STU012,Student 012,Information Technology,1,Statistics,12.9,29.5,8.6,78.7
STU012,Student 012,Information Technology,2,Mathematics,14.2,40.3,8.8,75.6
STU012,Student 012,Information Technology,2,Programming,10.7,42.9,8.6,78.6
STU012,Student 012,Information Technology,2,Database Systems,14.3,39.1,12.1,78.7
STU012,Student 012,Information Technology,2,English,17.6,50.4,10.3,77.2
STU012,Student 012,Information Technology,2,Statistics,15.4,32.5,11.0,74.8
STU012,Student 012,Information Technology,3,Mathematics,18.3,44.4,10.2,77.1
STU012,Student 012,Information Technology,3,Programming,22.6,47.5,7.7,83.6
STU012,Student 012,Information Technology,3,Database Systems,18.1,34.6,8.3,76.7
STU012,Student 012,Information Technology,3,English,15.6,45.3,11.7,78.0
STU012,Student 012,Information Technology,3,Statistics,15.3,39.9,9.8,81.3
STU013,Student 013,AI & Data Science,1,Mathematics,12.7,26.4,9.1,89.7
STU013,Student 013,AI & Data Science,1,Programming,14.7,31.9,8.9,88.9
STU013,Student 013,AI & Data Science,1,Database Systems,9.7,17.8,7.1,81.3
STU013,Student 013,AI & Data Science,1,English,10.9,30.9,6.0,89.1
STU013,Student 013,AI & Data Science,1,Statistics,11.9,37.4,10.2,94.6
STU013,Student 013,AI & Data Science,2,Mathematics,8.5,24.3,9.3,84.6
STU013,Student 013,AI & Data Science,2,Programming,18.8,33.6,8.2,85.9
STU013,Student 013,AI & Data Science,2,Database Systems,16.9,34.8,8.8,90.1
STU013,Student 013,AI & Data Science,2,English,17.0,28.4,9.5,85.9
STU013,Student 013,AI & Data Science,2,Statistics,9.0,20.1,7.4,83.0
STU013,Student 013,AI & Data Science,3,Mathematics,15.8,35.6,9.4,89.0
STU013,Student 013,AI & Data Science,3,Programming,15.3,31.2,9.5,81.1
STU013,Student 013,AI & Data Science,3,Database Systems,16.2,25.7,12.4,93.5
STU013,Student 013,AI & Data Science,3,English,12.1,24.4,9.2,81.3
STU013,Student 013,AI & Data Science,3,Statistics,10.7,34.1,8.3,92.0
STU014,Student 014,Computer Science,1,Mathematics,16.7,25.5,6.7,84.1
STU014,Student 014,Computer Science,1,Programming,15.6,29.0,10.9,82.0
STU014,Student 014,Computer Science,1,Database Systems,10.0,36.8,7.8,85.4
STU014,Student 014,Computer Science,1,English,12.0,37.7,10.6,85.1
STU014,Student 014,Computer Science,1,Statistics,8.7,29.2,8.8,78.7
STU014,Student 014,Computer Science,2,Mathematics,10.9,32.3,10.2,82.6
STU014,Student 014,Computer Science,2,Programming,15.9,26.4,7.6,91.0
STU014,Student 014,Computer Science,2,Database Systems,15.5,26.0,10.7,80.3
STU014,Student 014,Computer Science,2,English,16.8,31.1,8.8,80.6
STU014,Student 014,Computer Science,2,Statistics,19.5,29.6,9.1,82.5
STU014,Student 014,Computer Science,3,Mathematics,16.4,25.7,9.1,81.5
STU014,Student 014,Computer Science,3,Programming,12.7,39.5,14.0,80.0
STU014,Student 014,Computer Science,3,Database Systems,16.1,34.3,10.1,80.7
STU014,Student 014,Computer Science,3,English,18.6,31.8,6.2,91.6
STU014,Student 014,Computer Science,3,Statistics,12.6,44.2,9.4,83.4
STU015,Student 015,Information Technology,1,Mathematics,11.9,21.2,5.7,64.8
STU015,Student 015,Information Technology,1,Programming,8.4,9.9,7.6,75.2
STU015,Student 015,Information Technology,1,Database Systems,9.4,16.5,7.4,71.0
STU015,Student 015,Information Technology,1,English,9.0,14.5,11.6,73.3
STU015,Student 015,Information Technology,1,Statistics,11.7,29.9,4.7,69.7
STU015,Student 015,Information Technology,2,Mathematics,4.5,24.4,4.5,70.5
STU015,Student 015,Information Technology,2,Programming,11.6,10.6,7.0,68.6
STU015,Student 015,Information Technology,2,Database Systems,8.5,20.3,7.7,68.9
STU015,Student 015,Information Technology,2,English,7.3,25.2,7.2,73.9
STU015,Student 015,Information Technology,2,Statistics,8.2,11.3,6.0,74.6
STU015,Student 015,Information Technology,3,Mathematics,4.3,16.9,6.7,71.8
STU015,Student 015,Information Technology,3,Programming,6.0,19.4,7.0,69.2
STU015,Student 015,Information Technology,3,Database Systems,11.9,30.3,4.5,69.1
STU015,Student 015,Information Technology,3,English,8.4,14.2,5.8,73.2
STU015,Student 015,Information Technology,3,Statistics,9.4,19.5,4.7,67.7
STU016,Student 016,AI & Data Science,1,Mathematics,18.4,40.5,11.9,84.0
STU016,Student 016,AI & Data Science,1,Programming,18.6,47.9,11.7,77.4
STU016,Student 016,AI & Data Science,1,Database Systems,16.3,47.1,13.3,78.8
STU016,Student 016,AI & Data Science,1,English,20.2,47.5,15.0,71.0
STU016,Student 016,AI & Data Science,1,Statistics,17.1,40.6,12.6,79.0
STU016,Student 016,AI & Data Science,2,Mathematics,18.1,56.0,10.8,83.0
STU016,Student 016,AI & Data Science,2,Programming,20.9,44.9,12.4,71.1
STU016,Student 016,AI & Data Science,2,Database Systems,18.4,37.5,11.7,74.2
STU016,Student 016,AI & Data Science,2,English,21.5,59.3,8.1,73.7
STU016,Student 016,AI & Data Science,2,Statistics,21.5,36.5,7.6,74.0
STU016,Student 016,AI & Data Science,3,Mathematics,18.8,41.8,12.9,82.2
STU016,Student 016,AI & Data Science,3,Programming,16.0,39.2,12.7,78.1
STU016,Student 016,AI & Data Science,3,Database Systems,17.6,36.5,9.9,79.6
STU016,Student 016,AI & Data Science,3,English,17.7,47.3,11.7,79.8
STU016,Student 016,AI & Data Science,3,Statistics,18.2,41.6,9.1,75.3
STU017,Student 017,Computer Science,1,Mathematics,9.9,20.7,8.8,76.8
STU017,Student 017,Computer Science,1,Programming,9.1,42.6,6.9,73.8
STU017,Student 017,Computer Science,1,Database Systems,10.1,23.0,5.8,78.0
STU017,Student 017,Computer Science,1,English,9.7,23.8,7.3,82.1
STU017,Student 017,Computer Science,1,Statistics,11.6,19.4,9.8,79.0
STU017,Student 017,Computer Science,2,Mathematics,10.4,29.8,8.5,72.6
STU017,Student 017,Computer Science,2,Programming,8.4,21.4,7.0,73.5
STU017,Student 017,Computer Science,2,Database Systems,8.1,33.0,5.1,75.0
STU017,Student 017,Computer Science,2,English,9.5,39.8,6.8,78.3
STU017,Student 017,Computer Science,2,Statistics,10.8,29.5,2.4,76.2
STU017,Student 017,Computer Science,3,Mathematics,14.8,22.7,6.0,78.9
STU017,Student 017,Computer Science,3,Programming,11.0,35.4,8.6,74.2
STU017,Student 017,Computer Science,3,Database Systems,13.4,30.6,6.4,84.6
STU017,Student 017,Computer Science,3,English,10.8,30.0,8.7,76.5
STU017,Student 017,Computer Science,3,Statistics,17.9,26.2,8.1,76.2
STU018,Student 018,Information Technology,1,Mathematics,12.0,28.6,8.6,92.7
STU018,Student 018,Information Technology,1,Programming,12.6,25.3,6.8,93.7
STU018,Student 018,Information Technology,1,Database Systems,11.1,27.9,10.0,92.7
STU018,Student 018,Information Technology,1,English,16.4,36.6,10.3,92.0
STU018,Student 018,Information Technology,1,Statistics,9.8,29.5,11.3,85.5
STU018,Student 018,Information Technology,2,Mathematics,8.1,25.1,9.5,92.7
STU018,Student 018,Information Technology,2,Programming,12.7,46.2,6.5,98.1
STU018,Student 018,Information Technology,2,Database Systems,14.0,30.9,10.8,94.1
STU018,Student 018,Information Technology,2,English,13.7,46.7,10.5,99.1
STU018,Student 018,Information Technology,2,Statistics,17.3,36.6,7.5,91.1
STU018,Student 018,Information Technology,3,Mathematics,17.0,25.1,8.4,91.5
STU018,Student 018,Information Technology,3,Programming,15.2,42.5,8.3,91.1
STU018,Student 018,Information Technology,3,Database Systems,12.6,21.5,12.0,93.7
STU018,Student 018,Information Technology,3,English,11.5,37.1,11.5,88.0
STU018,Student 018,Information Technology,3,Statistics,13.1,24.8,11.6,91.3
STU019,Student 019,AI & Data Science,1,Mathematics,6.9,18.9,7.3,69.5
STU019,Student 019,AI & Data Science,1,Programming,4.1,22.7,6.8,67.6
STU019,Student 019,AI & Data Science,1,Database Systems,12.5,14.3,2.5,72.1
STU019,Student 019,AI & Data Science,1,English,8.1,19.9,4.6,71.6
STU019,Student 019,AI & Data Science,1,Statistics,6.7,24.8,6.4,75.0
STU019,Student 019,AI & Data Science,2,Mathematics,7.0,14.7,6.9,74.4
STU019,Student 019,AI & Data Science,2,Programming,10.7,25.6,5.8,73.8
STU019,Student 019,AI & Data Science,2,Database Systems,3.5,11.3,5.2,72.0
STU019,Student 019,AI & Data Science,2,English,11.0,25.9,7.7,75.8
STU019,Student 019,AI & Data Science,2,Statistics,13.8,23.0,5.9,77.2
STU019,Student 019,AI & Data Science,3,Mathematics,10.1,20.8,7.0,69.1
STU019,Student 019,AI & Data Science,3,Programming,8.5,28.6,9.6,71.5
STU019,Student 019,AI & Data Science,3,Database Systems,8.5,17.0,4.5,71.6
STU019,Student 019,AI & Data Science,3,English,9.3,13.4,5.7,71.5
STU019,Student 019,AI & Data Science,3,Statistics,12.8,30.1,1.1,72.8
STU020,Student 020,Computer Science,1,Mathematics,12.0,35.8,9.4,92.9
STU020,Student 020,Computer Science,1,Programming,16.2,23.0,12.3,86.5
STU020,Student 020,Computer Science,1,Database Systems,12.4,49.4,10.5,91.4
STU020,Student 020,Computer Science,1,English,14.7,32.5,12.9,88.8
STU020,Student 020,Computer Science,1,Statistics,16.5,34.0,7.5,89.8
STU020,Student 020,Computer Science,2,Mathematics,9.6,33.0,5.7,91.3
STU020,Student 020,Computer Science,2,Programming,12.3,34.8,9.4,85.3
STU020,Student 020,Computer Science,2,Database Systems,13.7,36.6,8.2,89.0
STU020,Student 020,Computer Science,2,English,16.6,31.8,9.9,90.7
STU020,Student 020,Computer Science,2,Statistics,17.4,29.0,12.1,90.4
STU020,Student 020,Computer Science,3,Mathematics,15.9,39.3,11.1,91.7
STU020,Student 020,Computer Science,3,Programming,11.4,50.8,11.3,92.6
STU020,Student 020,Computer Science,3,Database Systems,16.9,34.5,9.4,87.6
STU020,Student 020,Computer Science,3,English,18.1,31.8,14.1,92.2
STU020,Student 020,Computer Science,3,Statistics,16.9,32.7,10.0,90.6
STU021,Student 021,Information Technology,1,Mathematics,19.2,48.4,14.2,65.7
STU021,Student 021,Information Technology,1,Programming,20.8,55.4,13.1,68.0
STU021,Student 021,Information Technology,1,Database Systems,22.2,53.5,13.1,73.5
STU021,Student 021,Information Technology,1,English,25.0,57.7,11.7,68.3
STU021,Student 021,Information Technology,1,Statistics,16.0,51.7,12.6,67.7
STU021,Student 021,Information Technology,2,Mathematics,20.4,54.5,12.7,72.6
STU021,Student 021,Information Technology,2,Programming,21.3,55.0,14.9,70.7
STU021,Student 021,Information Technology,2,Database Systems,22.1,59.2,15.0,69.6
STU021,Student 021,Information Technology,2,English,21.7,46.5,15.0,70.7
STU021,Student 021,Information Technology,2,Statistics,21.4,56.9,8.1,72.1
STU021,Student 021,Information Technology,3,Mathematics,16.9,55.1,15.0,67.7
STU021,Student 021,Information Technology,3,Programming,25.0,52.9,11.3,69.4
STU021,Student 021,Information Technology,3,Database Systems,23.0,54.4,12.4,69.3
STU021,Student 021,Information Technology,3,English,23.8,53.9,13.3,68.7
STU021,Student 021,Information Technology,3,Statistics,21.3,53.4,15.0,70.9
STU022,Student 022,AI & Data Science,1,Mathematics,16.5,40.1,13.8,99.7
STU022,Student 022,AI & Data Science,1,Programming,15.0,54.5,8.2,99.4
STU022,Student 022,AI & Data Science,1,Database Systems,18.3,40.3,10.8,100.0
STU022,Student 022,AI & Data Science,1,English,19.0,44.9,11.1,97.0
STU022,Student 022,AI & Data Science,1,Statistics,14.5,25.3,13.4,98.7
STU022,Student 022,AI & Data Science,2,Mathematics,17.8,36.6,11.9,99.3
STU022,Student 022,AI & Data Science,2,Programming,20.2,38.0,10.7,99.5
STU022,Student 022,AI & Data Science,2,Database Systems,16.3,24.0,12.5,97.1
STU022,Student 022,AI & Data Science,2,English,15.2,49.7,11.3,97.8
STU022,Student 022,AI & Data Science,2,Statistics,16.6,40.0,9.6,98.6
STU022,Student 022,AI & Data Science,3,Mathematics,15.3,50.3,10.4,94.6
STU022,Student 022,AI & Data Science,3,Programming,17.7,39.8,14.7,98.4
STU022,Student 022,AI & Data Science,3,Database Systems,11.2,38.6,9.6,94.8
STU022,Student 022,AI & Data Science,3,English,23.0,46.7,7.8,92.6
STU022,Student 022,AI & Data Science,3,Statistics,16.3,26.2,11.8,97.4
STU023,Student 023,Computer Science,1,Mathematics,13.3,19.3,4.2,91.5
STU023,Student 023,Computer Science,1,Programming,12.1,32.6,9.4,93.6
STU023,Student 023,Computer Science,1,Database Systems,12.7,40.7,12.3,94.7
STU023,Student 023,Computer Science,1,English,13.0,40.0,7.1,95.1
STU023,Student 023,Computer Science,1,Statistics,12.9,23.4,7.4,90.8
STU023,Student 023,Computer Science,2,Mathematics,13.0,39.9,6.2,96.7
STU023,Student 023,Computer Science,2,Programming,15.3,23.5,9.2,96.5
STU023,Student 023,Computer Science,2,Database Systems,11.2,21.9,9.9,90.4
STU023,Student 023,Computer Science,2,English,13.6,39.7,8.4,99.8
STU023,Student 023,Computer Science,2,Statistics,12.5,18.2,10.0,93.3
STU023,Student 023,Computer Science,3,Mathematics,10.2,26.4,11.6,92.8
STU023,Student 023,Computer Science,3,Programming,13.7,31.7,11.5,93.3
STU023,Student 023,Computer Science,3,Database Systems,15.0,39.6,10.6,91.7
STU023,Student 023,Computer Science,3,English,13.8,29.2,8.0,94.4
STU023,Student 023,Computer Science,3,Statistics,12.7,33.1,7.1,91.9
STU024,Student 024,Information Technology,1,Mathematics,22.2,60.0,10.0,70.3
STU024,Student 024,Information Technology,1,Programming,24.5,40.9,12.1,62.8
STU024,Student 024,Information Technology,1,Database Systems,21.2,55.4,12.1,66.2
STU024,Student 024,Information Technology,1,English,21.1,43.5,15.0,64.0
STU024,Student 024,Information Technology,1,Statistics,19.9,42.4,14.8,64.9
STU024,Student 024,Information Technology,2,Mathematics,17.0,60.0,14.0,64.8
STU024,Student 024,Information Technology,2,Programming,22.2,60.0,15.0,75.2
STU024,Student 024,Information Technology,2,Database Systems,20.0,47.8,10.8,66.3
STU024,Student 024,Information Technology,2,English,18.4,60.0,14.0,70.0
STU024,Student 024,Information Technology,2,Statistics,17.0,47.0,15.0,64.9
STU024,Student 024,Information Technology,3,Mathematics,21.9,56.3,12.1,65.6
STU024,Student 024,Information Technology,3,Programming,25.0,54.6,11.5,71.2
STU024,Student 024,Information Technology,3,Database Systems,22.9,52.0,13.7,66.3
STU024,Student 024,Information Technology,3,English,20.7,51.8,12.8,71.6
STU024,Student 024,Information Technology,3,Statistics,18.2,54.1,15.0,67.9
STU025,Student 025,AI & Data Science,1,Mathematics,10.8,41.0,9.5,77.0
STU025,Student 025,AI & Data Science,1,Programming,19.3,34.0,12.4,79.5
STU025,Student 025,AI & Data Science,1,Database Systems,16.7,43.9,13.0,86.8
STU025,Student 025,AI & Data Science,1,English,20.8,36.3,11.0,78.1
STU025,Student 025,AI & Data Science,1,Statistics,17.6,39.1,15.0,79.9
STU025,Student 025,AI & Data Science,2,Mathematics,15.8,20.2,15.0,82.1
STU025,Student 025,AI & Data Science,2,Programming,17.0,53.5,15.0,86.3
STU025,Student 025,AI & Data Science,2,Database Systems,16.0,46.1,14.5,78.7
STU025,Student 025,AI & Data Science,2,English,22.4,42.7,15.0,73.1
STU025,Student 025,AI & Data Science,2,Statistics,14.3,56.9,8.8,80.4
STU025,Student 025,AI & Data Science,3,Mathematics,16.6,53.7,6.2,83.3
STU025,Student 025,AI & Data Science,3,Programming,17.0,37.4,13.9,79.2
STU025,Student 025,AI & Data Science,3,Database Systems,18.6,43.0,15.0,76.4
STU025,Student 025,AI & Data Science,3,English,19.5,39.6,13.2,77.6
STU025,Student 025,AI & Data Science,3,Statistics,25.0,60.0,13.7,81.6
STU026,Student 026,Computer Science,1,Mathematics,22.2,50.7,9.8,92.3
STU026,Student 026,Computer Science,1,Programming,21.6,55.4,14.1,91.9
STU026,Student 026,Computer Science,1,Database Systems,15.2,43.4,13.2,93.0
STU026,Student 026,Computer Science,1,English,25.0,60.0,10.6,90.9
STU026,Student 026,Computer Science,1,Statistics,23.0,40.3,12.4,91.4
STU026,Student 026,Computer Science,2,Mathematics,18.4,54.2,13.0,86.8
STU026,Student 026,Computer Science,2,Programming,18.9,45.5,14.6,85.1
STU026,Student 026,Computer Science,2,Database Systems,22.3,55.4,12.8,90.6
STU026,Student 026,Computer Science,2,English,20.8,58.1,14.4,93.9
STU026,Student 026,Computer Science,2,Statistics,22.1,50.3,11.9,86.8
STU026,Student 026,Computer Science,3,Mathematics,23.1,51.7,14.1,90.2
STU026,Student 026,Computer Science,3,Programming,22.1,60.0,15.0,86.3
STU026,Student 026,Computer Science,3,Database Systems,19.5,47.5,13.7,89.6
STU026,Student 026,Computer Science,3,English,25.0,60.0,13.3,89.9
STU026,Student 026,Computer Science,3,Statistics,23.1,52.7,15.0,94.7
STU027,Student 027,Information Technology,1,Mathematics,18.2,31.4,10.8,87.3
STU027,Student 027,Information Technology,1,Programming,15.6,49.6,12.6,90.1
STU027,Student 027,Information Technology,1,Database Systems,14.9,47.4,11.4,89.7
STU027,Student 027,Information Technology,1,English,20.5,44.4,8.9,86.9
STU027,Student 027,Information Technology,1,Statistics,21.1,43.3,7.5,88.4
STU027,Student 027,Information Technology,2,Mathematics,13.0,31.6,8.5,89.7
STU027,Student 027,Information Technology,2,Programming,16.9,41.5,11.5,83.4
STU027,Student 027,Information Technology,2,Database Systems,9.6,49.1,9.3,94.8
STU027,Student 027,Information Technology,2,English,18.1,36.7,9.5,89.3
STU027,Student 027,Information Technology,2,Statistics,20.1,36.9,10.6,91.0
STU027,Student 027,Information Technology,3,Mathematics,13.1,44.6,9.5,87.6
STU027,Student 027,Information Technology,3,Programming,18.1,32.1,9.8,88.5
STU027,Student 027,Information Technology,3,Database Systems,15.4,42.0,12.1,96.0
STU027,Student 027,Information Technology,3,English,18.2,47.8,14.8,90.4
STU027,Student 027,Information Technology,3,Statistics,13.9,44.2,13.7,86.0
STU028,Student 028,AI & Data Science,1,Mathematics,7.0,15.5,6.4,69.9
STU028,Student 028,AI & Data Science,1,Programming,8.2,19.3,7.0,67.6
STU028,Student 028,AI & Data Science,1,Database Systems,11.8,29.3,9.0,75.4
STU028,Student 028,AI & Data Science,1,English,11.5,23.7,7.1,62.9
STU028,Student 028,AI & Data Science,1,Statistics,6.9,38.2,6.9,71.5
STU028,Student 028,AI & Data Science,2,Mathematics,4.7,24.2,6.4,69.0
STU028,Student 028,AI & Data Science,2,Programming,10.9,25.7,7.2,67.5
STU028,Student 028,AI & Data Science,2,Database Systems,10.3,24.0,6.6,65.6
STU028,Student 028,AI & Data Science,2,English,9.7,14.8,8.1,68.7
STU028,Student 028,AI & Data Science,2,Statistics,10.8,18.1,8.7,70.9
STU028,Student 028,AI & Data Science,3,Mathematics,9.2,26.9,7.4,74.3
STU028,Student 028,AI & Data Science,3,Programming,10.4,41.8,7.6,63.8
STU028,Student 028,AI & Data Science,3,Database Systems,9.1,28.1,7.0,65.6
STU028,Student 028,AI & Data Science,3,English,9.2,32.0,6.9,61.6
STU028,Student 028,AI & Data Science,3,Statistics,8.6,23.7,6.7,67.1
STU029,Student 029,Computer Science,1,Mathematics,8.7,27.2,9.9,78.2
STU029,Student 029,Computer Science,1,Programming,15.8,34.3,4.9,81.8
STU029,Student 029,Computer Science,1,Database Systems,12.8,25.4,9.6,76.5
STU029,Student 029,Computer Science,1,English,10.1,26.3,7.6,78.1
STU029,Student 029,Computer Science,1,Statistics,14.1,34.0,7.0,84.8
STU029,Student 029,Computer Science,2,Mathematics,8.8,21.4,6.7,81.4
STU029,Student 029,Computer Science,2,Programming,8.0,14.8,9.9,78.8
STU029,Student 029,Computer Science,2,Database Systems,9.5,30.4,4.7,76.8
STU029,Student 029,Computer Science,2,English,11.1,26.9,10.4,77.9
STU029,Student 029,Computer Science,2,Statistics,13.6,21.0,6.3,76.8
STU029,Student 029,Computer Science,3,Mathematics,9.4,34.2,4.1,82.2
STU029,Student 029,Computer Science,3,Programming,14.1,30.5,7.8,74.4
STU029,Student 029,Computer Science,3,Database Systems,13.2,32.1,7.7,72.0
STU029,Student 029,Computer Science,3,English,12.4,27.7,8.0,74.1
STU029,Student 029,Computer Science,3,Statistics,1.7,12.6,6.5,79.6
STU030,Student 030,Information Technology,1,Mathematics,10.0,32.7,10.2,84.9
STU030,Student 030,Information Technology,1,Programming,16.9,16.9,8.8,83.3
STU030,Student 030,Information Technology,1,Database Systems,16.2,38.0,8.5,80.2
STU030,Student 030,Information Technology,1,English,14.6,27.6,6.0,85.3
STU030,Student 030,Information Technology,1,Statistics,12.1,37.2,8.5,88.3
STU030,Student 030,Information Technology,2,Mathematics,8.9,13.1,5.8,90.9
STU030,Student 030,Information Technology,2,Programming,9.4,40.1,4.6,82.1
STU030,Student 030,Information Technology,2,Database Systems,10.0,30.5,6.7,85.4
STU030,Student 030,Information Technology,2,English,15.0,36.3,8.2,85.8
STU030,Student 030,Information Technology,2,Statistics,9.4,20.9,7.1,82.8
STU030,Student 030,Information Technology,3,Mathematics,3.4,35.3,10.1,80.2
STU030,Student 030,Information Technology,3,Programming,16.5,42.0,11.0,88.7
STU030,Student 030,Information Technology,3,Database Systems,10.3,41.5,9.5,88.5
STU030,Student 030,Information Technology,3,English,15.5,23.1,9.6,84.8
STU030,Student 030,Information Technology,3,Statistics,6.6,28.5,3.8,85.4
STU031,Student 031,AI & Data Science,1,Mathematics,14.4,40.0,4.0,82.0
STU031,Student 031,AI & Data Science,1,Programming,11.3,43.1,11.1,81.7
STU031,Student 031,AI & Data Science,1,Database Systems,13.2,32.5,8.5,76.6
STU031,Student 031,AI & Data Science,1,English,13.8,49.3,8.0,77.0
STU031,Student 031,AI & Data Science,1,Statistics,16.9,41.3,10.0,79.8
STU031,Student 031,AI & Data Science,2,Mathematics,17.4,42.0,6.8,76.0
STU031,Student 031,AI & Data Science,2,Programming,13.4,42.7,13.2,78.4
STU031,Student 031,AI & Data Science,2,Database Systems,18.1,49.0,8.5,73.7
STU031,Student 031,AI & Data Science,2,English,14.4,35.1,11.7,74.8
STU031,Student 031,AI & Data Science,2,Statistics,13.6,36.5,5.6,74.0
STU031,Student 031,AI & Data Science,3,Mathematics,21.4,45.8,9.1,79.3
STU031,Student 031,AI & Data Science,3,Programming,13.3,30.5,9.5,80.4
STU031,Student 031,AI & Data Science,3,Database Systems,15.1,45.9,12.5,75.2
STU031,Student 031,AI & Data Science,3,English,16.2,40.8,10.1,78.2
STU031,Student 031,AI & Data Science,3,Statistics,18.5,33.1,7.8,76.5
STU032,Student 032,Computer Science,1,Mathematics,12.3,44.1,7.9,78.7
STU032,Student 032,Computer Science,1,Programming,18.5,55.8,7.9,72.6
STU032,Student 032,Computer Science,1,Database Systems,14.5,42.9,12.9,71.0
STU032,Student 032,Computer Science,1,English,18.7,38.7,10.4,79.1
STU032,Student 032,Computer Science,1,Statistics,15.1,32.5,10.0,78.7
STU032,Student 032,Computer Science,2,Mathematics,16.6,49.7,9.6,76.4
STU032,Student 032,Computer Science,2,Programming,18.4,35.9,9.4,74.4
STU032,Student 032,Computer Science,2,Database Systems,14.4,49.0,12.9,76.1
STU032,Student 032,Computer Science,2,English,21.7,56.6,10.7,80.0
STU032,Student 032,Computer Science,2,Statistics,16.5,41.6,11.5,75.8
STU032,Student 032,Computer Science,3,Mathematics,14.1,32.1,11.5,80.2
STU032,Student 032,Computer Science,3,Programming,21.8,41.9,12.6,77.9
STU032,Student 032,Computer Science,3,Database Systems,19.4,30.3,11.3,84.0
STU032,Student 032,Computer Science,3,English,18.7,48.9,13.1,79.3
STU032,Student 032,Computer Science,3,Statistics,15.9,45.6,10.4,72.6
STU033,Student 033,Information Technology,1,Mathematics,21.8,46.2,12.5,93.4
STU033,Student 033,Information Technology,1,Programming,21.6,48.5,14.8,96.6
STU033,Student 033,Information Technology,1,Database Systems,21.9,42.7,13.0,99.2
STU033,Student 033,Information Technology,1,English,19.8,52.0,14.8,92.0
STU033,Student 033,Information Technology,1,Statistics,15.5,38.1,10.8,91.0
STU033,Student 033,Information Technology,2,Mathematics,19.2,45.7,15.0,91.8
STU033,Student 033,Information Technology,2,Programming,15.9,55.2,10.0,96.5
STU033,Student 033,Information Technology,2,Database Systems,19.5,52.8,11.5,90.5
STU033,Student 033,Information Technology,2,English,18.3,49.2,13.5,98.6
STU033,Student 033,Information Technology,2,Statistics,13.3,52.5,15.0,97.3
STU033,Student 033,Information Technology,3,Mathematics,18.8,47.4,13.1,89.4
STU033,Student 033,Information Technology,3,Programming,19.1,53.2,12.8,90.2
STU033,Student 033,Information Technology,3,Database Systems,22.6,42.0,11.6,93.5
STU033,Student 033,Information Technology,3,English,25.0,46.0,13.4,92.3
STU033,Student 033,Information Technology,3,Statistics,24.3,44.7,11.5,96.4
STU034,Student 034,AI & Data Science,1,Mathematics,13.4,34.7,10.6,86.4
STU034,Student 034,AI & Data Science,1,Programming,18.4,45.4,12.7,87.6
STU034,Student 034,AI & Data Science,1,Database Systems,22.2,53.5,10.8,90.9
STU034,Student 034,AI & Data Science,1,English,23.9,49.8,13.9,92.1
STU034,Student 034,AI & Data Science,1,Statistics,20.4,43.0,13.4,91.2
STU034,Student 034,AI & Data Science,2,Mathematics,16.3,38.5,11.8,92.4
STU034,Student 034,AI & Data Science,2,Programming,19.6,38.8,10.7,87.1
STU034,Student 034,AI & Data Science,2,Database Systems,16.3,41.0,12.1,88.8
STU034,Student 034,AI & Data Science,2,English,15.4,47.9,11.2,89.5
STU034,Student 034,AI & Data Science,2,Statistics,21.3,43.0,11.9,89.0
STU034,Student 034,AI & Data Science,3,Mathematics,20.1,36.8,10.8,86.2
STU034,Student 034,AI & Data Science,3,Programming,18.5,49.0,13.2,88.1
STU034,Student 034,AI & Data Science,3,Database Systems,18.6,52.5,14.7,86.3
STU034,Student 034,AI & Data Science,3,English,13.6,44.3,14.6,89.2
STU034,Student 034,AI & Data Science,3,Statistics,20.0,34.2,10.5,86.0
STU035,Student 035,Computer Science,1,Mathematics,11.5,36.0,12.5,88.1
STU035,Student 035,Computer Science,1,Programming,12.7,40.2,13.5,85.0
STU035,Student 035,Computer Science,1,Database Systems,12.0,24.8,11.8,89.0
STU035,Student 035,Computer Science,1,English,18.7,38.5,10.4,84.7
STU035,Student 035,Computer Science,1,Statistics,13.9,36.4,5.8,78.8
STU035,Student 035,Computer Science,2,Mathematics,10.1,26.0,7.0,86.7
STU035,Student 035,Computer Science,2,Programming,17.2,35.1,8.8,90.2
STU035,Student 035,Computer Science,2,Database Systems,11.9,42.4,8.6,83.8
STU035,Student 035,Computer Science,2,English,18.6,43.2,10.3,87.2
STU035,Student 035,Computer Science,2,Statistics,13.7,32.6,8.0,81.7
STU035,Student 035,Computer Science,3,Mathematics,16.8,33.2,10.4,86.9
STU035,Student 035,Computer Science,3,Programming,20.1,45.1,12.9,90.7
STU035,Student 035,Computer Science,3,Database Systems,15.1,33.0,7.6,91.6
STU035,Student 035,Computer Science,3,English,16.9,46.2,9.6,87.0
STU035,Student 035,Computer Science,3,Statistics,13.5,44.0,10.1,83.6
STU036,Student 036,Information Technology,1,Mathematics,18.8,34.1,8.9,87.4
STU036,Student 036,Information Technology,1,Programming,16.8,36.6,14.6,86.2
STU036,Student 036,Information Technology,1,Database Systems,16.8,34.3,10.4,88.2
STU036,Student 036,Information Technology,1,English,14.3,41.3,11.3,91.3
STU036,Student 036,Information Technology,1,Statistics,16.6,41.4,11.9,86.5
STU036,Student 036,Information Technology,2,Mathematics,17.2,33.9,8.7,84.9
STU036,Student 036,Information Technology,2,Programming,16.9,45.6,13.1,89.4
STU036,Student 036,Information Technology,2,Database Systems,15.4,41.1,11.4,88.0
STU036,Student 036,Information Technology,2,English,14.6,38.8,14.4,87.0
STU036,Student 036,Information Technology,2,Statistics,17.2,54.4,12.6,88.8
STU036,Student 036,Information Technology,3,Mathematics,18.2,42.2,11.5,88.2
STU036,Student 036,Information Technology,3,Programming,19.0,50.9,13.5,88.1
STU036,Student 036,Information Technology,3,Database Systems,13.5,41.8,12.3,86.3
STU036,Student 036,Information Technology,3,English,17.9,41.1,9.6,83.7
STU036,Student 036,Information Technology,3,Statistics,17.1,41.3,13.5,88.4
STU037,Student 037,AI & Data Science,1,Mathematics,20.7,42.2,8.6,92.6
STU037,Student 037,AI & Data Science,1,Programming,22.2,51.1,15.0,94.6
STU037,Student 037,AI & Data Science,1,Database Systems,17.5,46.9,10.7,92.9
STU037,Student 037,AI & Data Science,1,English,17.5,48.8,10.3,96.5
STU037,Student 037,AI & Data Science,1,Statistics,20.2,39.4,12.5,94.3
STU037,Student 037,AI & Data Science,2,Mathematics,18.1,42.8,10.2,91.4
STU037,Student 037,AI & Data Science,2,Programming,20.2,41.4,11.6,96.7
STU037,Student 037,AI & Data Science,2,Database Systems,18.9,46.7,13.4,92.4
STU037,Student 037,AI & Data Science,2,English,16.1,43.5,11.5,93.3
STU037,Student 037,AI & Data Science,2,Statistics,18.6,44.8,12.6,89.8
STU037,Student 037,AI & Data Science,3,Mathematics,13.8,38.2,14.5,98.6
STU037,Student 037,AI & Data Science,3,Programming,21.1,57.0,13.6,91.5
STU037,Student 037,AI & Data Science,3,Database Systems,19.2,46.6,12.4,93.7
STU037,Student 037,AI & Data Science,3,English,20.5,42.2,11.7,92.0
STU037,Student 037,AI & Data Science,3,Statistics,18.0,46.1,13.4,97.2
STU038,Student 038,Computer Science,1,Mathematics,12.1,30.1,11.3,74.6
STU038,Student 038,Computer Science,1,Programming,14.7,37.0,12.9,76.3
STU038,Student 038,Computer Science,1,Database Systems,13.8,37.7,9.7,70.5
STU038,Student 038,Computer Science,1,English,16.5,37.8,11.7,72.2
STU038,Student 038,Computer Science,1,Statistics,12.9,28.1,9.4,78.3
STU038,Student 038,Computer Science,2,Mathematics,19.1,47.0,11.7,70.9
STU038,Student 038,Computer Science,2,Programming,19.6,30.1,10.8,76.1
STU038,Student 038,Computer Science,2,Database Systems,14.4,37.4,11.2,70.1
STU038,Student 038,Computer Science,2,English,20.1,32.7,12.2,75.3
STU038,Student 038,Computer Science,2,Statistics,17.5,35.0,9.4,73.7
STU038,Student 038,Computer Science,3,Mathematics,18.6,33.8,10.5,76.9
STU038,Student 038,Computer Science,3,Programming,16.5,37.0,8.5,77.4
STU038,Student 038,Computer Science,3,Database Systems,19.7,43.2,8.3,77.7
STU038,Student 038,Computer Science,3,English,16.6,31.8,10.2,73.9
STU038,Student 038,Computer Science,3,Statistics,20.8,33.6,6.8,72.2
STU039,Student 039,Information Technology,1,Mathematics,12.6,25.9,8.3,84.6
STU039,Student 039,Information Technology,1,Programming,11.0,34.2,10.3,77.5
STU039,Student 039,Information Technology,1,Database Systems,11.0,20.8,4.9,73.7
STU039,Student 039,Information Technology,1,English,16.2,36.2,7.6,72.6
STU039,Student 039,Information Technology,1,Statistics,11.6,25.8,7.5,76.3
STU039,Student 039,Information Technology,2,Mathematics,9.1,22.0,11.3,75.8
STU039,Student 039,Information Technology,2,Programming,13.3,26.4,5.7,71.0
STU039,Student 039,Information Technology,2,Database Systems,15.6,44.4,8.3,76.8
STU039,Student 039,Information Technology,2,English,13.1,31.2,7.5,70.0
STU039,Student 039,Information Technology,2,Statistics,17.5,28.1,9.7,81.5
STU039,Student 039,Information Technology,3,Mathematics,16.6,32.5,7.0,77.1
STU039,Student 039,Information Technology,3,Programming,14.9,26.4,8.3,74.6
STU039,Student 039,Information Technology,3,Database Systems,15.9,37.1,9.8,79.3
STU039,Student 039,Information Technology,3,English,20.1,39.7,9.1,74.2
STU039,Student 039,Information Technology,3,Statistics,18.3,41.8,5.9,73.1
STU040,Student 040,AI & Data Science,1,Mathematics,12.6,31.7,6.9,88.5
STU040,Student 040,AI & Data Science,1,Programming,7.3,26.7,6.0,88.9
STU040,Student 040,AI & Data Science,1,Database Systems,13.5,19.0,5.4,93.7
STU040,Student 040,AI & Data Science,1,English,13.8,35.8,7.3,90.0
STU040,Student 040,AI & Data Science,1,Statistics,11.4,28.0,7.0,89.7
STU040,Student 040,AI & Data Science,2,Mathematics,9.5,35.0,8.0,85.8
STU040,Student 040,AI & Data Science,2,Programming,9.9,33.9,11.2,86.0
STU040,Student 040,AI & Data Science,2,Database Systems,14.1,35.8,8.5,82.6
STU040,Student 040,AI & Data Science,2,English,14.4,25.7,10.6,87.6
STU040,Student 040,AI & Data Science,2,Statistics,10.3,34.3,6.8,88.1
STU040,Student 040,AI & Data Science,3,Mathematics,9.8,27.9,9.4,91.7
STU040,Student 040,AI & Data Science,3,Programming,13.5,28.9,9.1,87.7
STU040,Student 040,AI & Data Science,3,Database Systems,16.1,40.2,5.8,84.5
STU040,Student 040,AI & Data Science,3,English,16.5,36.0,9.5,85.5
STU040,Student 040,AI & Data Science,3,Statistics,13.1,32.5,10.1,89.2
STU041,Student 041,Computer Science,1,Mathematics,15.4,23.5,10.8,73.7
STU041,Student 041,Computer Science,1,Programming,18.3,33.8,7.6,72.1
STU041,Student 041,Computer Science,1,Database Systems,14.5,39.2,7.2,74.3
STU041,Student 041,Computer Science,1,English,15.8,37.4,13.2,73.0
STU041,Student 041,Computer Science,1,Statistics,9.8,27.6,11.2,73.4
STU041,Student 041,Computer Science,2,Mathematics,17.1,27.2,9.6,74.5
STU041,Student 041,Computer Science,2,Programming,19.5,40.9,10.3,68.0
STU041,Student 041,Computer Science,2,Database Systems,10.3,36.5,11.5,73.9
STU041,Student 041,Computer Science,2,English,15.2,42.1,13.3,75.4
STU041,Student 041,Computer Science,2,Statistics,13.3,42.0,9.9,67.5
STU041,Student 041,Computer Science,3,Mathematics,8.6,45.9,12.4,70.3
STU041,Student 041,Computer Science,3,Programming,10.6,32.9,9.1,71.5
STU041,Student 041,Computer Science,3,Database Systems,11.6,38.0,12.8,70.6
STU041,Student 041,Computer Science,3,English,17.9,45.1,11.0,72.3
STU041,Student 041,Computer Science,3,Statistics,13.2,42.6,12.4,74.8
STU042,Student 042,Information Technology,1,Mathematics,16.8,27.7,10.4,85.4
STU042,Student 042,Information Technology,1,Programming,21.2,40.5,10.3,84.4
STU042,Student 042,Information Technology,1,Database Systems,13.1,27.0,10.0,86.9
STU042,Student 042,Information Technology,1,English,14.5,45.2,6.8,86.6
STU042,Student 042,Information Technology,1,Statistics,12.6,30.4,9.6,84.4
STU042,Student 042,Information Technology,2,Mathematics,11.5,39.2,12.2,85.4
STU042,Student 042,Information Technology,2,Programming,19.6,33.0,13.7,87.9
STU042,Student 042,Information Technology,2,Database Systems,17.0,36.0,9.9,92.0
STU042,Student 042,Information Technology,2,English,13.3,48.6,12.0,92.1
STU042,Student 042,Information Technology,2,Statistics,16.3,41.1,9.3,82.5
STU042,Student 042,Information Technology,3,Mathematics,18.8,37.5,12.8,81.2
STU042,Student 042,Information Technology,3,Programming,18.2,40.1,12.5,87.8
STU042,Student 042,Information Technology,3,Database Systems,15.5,38.3,11.2,91.1
STU042,Student 042,Information Technology,3,English,17.4,43.3,10.5,81.9
STU042,Student 042,Information Technology,3,Statistics,16.7,37.2,9.7,84.9
STU043,Student 043,AI & Data Science,1,Mathematics,20.8,41.0,10.8,89.1
STU043,Student 043,AI & Data Science,1,Programming,17.6,45.5,10.8,85.1
STU043,Student 043,AI & Data Science,1,Database Systems,14.4,40.2,13.3,86.5
STU043,Student 043,AI & Data Science,1,English,17.8,46.6,12.0,85.6
STU043,Student 043,AI & Data Science,1,Statistics,19.7,51.2,14.0,86.4
STU043,Student 043,AI & Data Science,2,Mathematics,20.8,32.7,10.4,85.4
STU043,Student 043,AI & Data Science,2,Programming,20.0,52.4,12.5,87.6
STU043,Student 043,AI & Data Science,2,Database Systems,17.1,53.7,14.3,86.4
STU043,Student 043,AI & Data Science,2,English,23.2,43.3,13.4,86.3
STU043,Student 043,AI & Data Science,2,Statistics,18.2,40.5,9.6,88.9
STU043,Student 043,AI & Data Science,3,Mathematics,16.7,39.2,14.5,91.0
STU043,Student 043,AI & Data Science,3,Programming,18.9,46.1,13.8,87.5
STU043,Student 043,AI & Data Science,3,Database Systems,18.0,47.5,12.8,83.2
STU043,Student 043,AI & Data Science,3,English,21.0,54.3,13.6,87.6
STU043,Student 043,AI & Data Science,3,Statistics,20.5,38.0,11.5,95.9
STU044,Student 044,Computer Science,1,Mathematics,18.8,38.9,11.3,69.5
STU044,Student 044,Computer Science,1,Programming,19.5,37.5,9.0,67.3
STU044,Student 044,Computer Science,1,Database Systems,16.3,36.0,11.4,70.5
STU044,Student 044,Computer Science,1,English,21.3,40.1,11.3,71.3
STU044,Student 044,Computer Science,1,Statistics,15.7,39.1,11.5,70.0
STU044,Student 044,Computer Science,2,Mathematics,14.6,55.3,15.0,68.7
STU044,Student 044,Computer Science,2,Programming,15.2,44.3,12.4,70.0
STU044,Student 044,Computer Science,2,Database Systems,20.0,41.5,12.3,72.3
STU044,Student 044,Computer Science,2,English,18.0,49.7,15.0,69.4
STU044,Student 044,Computer Science,2,Statistics,13.0,35.3,14.3,70.2
STU044,Student 044,Computer Science,3,Mathematics,19.2,49.1,11.9,67.4
STU044,Student 044,Computer Science,3,Programming,20.3,44.7,13.4,70.7
STU044,Student 044,Computer Science,3,Database Systems,21.3,55.7,12.9,67.2
STU044,Student 044,Computer Science,3,English,14.5,56.7,10.5,69.9
STU044,Student 044,Computer Science,3,Statistics,12.7,32.0,11.5,66.9
STU045,Student 045,Information Technology,1,Mathematics,12.7,32.2,12.0,76.6
STU045,Student 045,Information Technology,1,Programming,16.1,50.4,8.4,74.8
STU045,Student 045,Information Technology,1,Database Systems,17.0,35.0,11.1,81.3
STU045,Student 045,Information Technology,1,English,16.1,46.1,11.4,73.9
STU045,Student 045,Information Technology,1,Statistics,16.7,48.3,10.8,74.9
STU045,Student 045,Information Technology,2,Mathematics,13.9,35.6,12.0,73.3
STU045,Student 045,Information Technology,2,Programming,18.1,40.2,7.3,73.7
STU045,Student 045,Information Technology,2,Database Systems,20.5,33.1,9.0,77.1
STU045,Student 045,Information Technology,2,English,20.7,41.5,15.0,74.6
STU045,Student 045,Information Technology,2,Statistics,16.5,48.2,11.3,73.3
STU045,Student 045,Information Technology,3,Mathematics,16.0,43.0,12.2,75.6
STU045,Student 045,Information Technology,3,Programming,19.4,45.6,11.3,68.4
STU045,Student 045,Information Technology,3,Database Systems,18.9,45.5,11.6,77.5
STU045,Student 045,Information Technology,3,English,17.2,47.3,11.2,74.9
STU045,Student 045,Information Technology,3,Statistics,17.3,37.6,7.9,76.6
STU046,Student 046,AI & Data Science,1,Mathematics,22.2,48.2,10.3,80.0
STU046,Student 046,AI & Data Science,1,Programming,22.1,52.7,15.0,85.9
STU046,Student 046,AI & Data Science,1,Database Systems,16.0,37.1,11.8,78.8
STU046,Student 046,AI & Data Science,1,English,19.7,55.2,11.5,80.2
STU046,Student 046,AI & Data Science,1,Statistics,22.3,47.8,12.0,83.5
STU046,Student 046,AI & Data Science,2,Mathematics,22.2,44.1,12.3,83.5
STU046,Student 046,AI & Data Science,2,Programming,22.2,42.7,15.0,82.4
STU046,Student 046,AI & Data Science,2,Database Systems,20.6,39.7,12.0,78.9
STU046,Student 046,AI & Data Science,2,English,21.7,60.0,15.0,81.3
STU046,Student 046,AI & Data Science,2,Statistics,23.3,39.2,15.0,82.8
STU046,Student 046,AI & Data Science,3,Mathematics,22.8,46.0,14.6,83.9
STU046,Student 046,AI & Data Science,3,Programming,19.6,52.5,15.0,77.0
STU046,Student 046,AI & Data Science,3,Database Systems,21.6,51.6,15.0,79.5
STU046,Student 046,AI & Data Science,3,English,22.1,56.5,12.9,82.9
STU046,Student 046,AI & Data Science,3,Statistics,19.8,60.0,15.0,83.7
STU047,Student 047,Computer Science,1,Mathematics,14.3,24.8,4.6,77.6
STU047,Student 047,Computer Science,1,Programming,10.2,35.2,4.3,84.3
STU047,Student 047,Computer Science,1,Database Systems,11.6,30.1,7.8,78.7
STU047,Student 047,Computer Science,1,English,9.0,27.7,8.8,74.7
STU047,Student 047,Computer Science,1,Statistics,6.7,21.9,5.6,79.4
STU047,Student 047,Computer Science,2,Mathematics,14.6,15.2,6.5,73.5
STU047,Student 047,Computer Science,2,Programming,10.1,23.6,7.0,77.8
STU047,Student 047,Computer Science,2,Database Systems,11.0,14.9,6.0,80.2
STU047,Student 047,Computer Science,2,English,7.9,15.9,7.3,70.7
STU047,Student 047,Computer Science,2,Statistics,8.2,17.1,8.5,75.9
STU047,Student 047,Computer Science,3,Mathematics,13.1,11.2,4.9,73.1
STU047,Student 047,Computer Science,3,Programming,16.1,33.5,5.9,76.0
STU047,Student 047,Computer Science,3,Database Systems,9.7,28.7,3.2,79.9
STU047,Student 047,Computer Science,3,English,8.0,25.2,6.0,78.7
STU047,Student 047,Computer Science,3,Statistics,13.5,25.9,4.1,78.1
STU048,Student 048,Information Technology,1,Mathematics,9.5,16.8,2.7,84.2
STU048,Student 048,Information Technology,1,Programming,10.7,17.7,6.2,86.6
STU048,Student 048,Information Technology,1,Database Systems,6.5,14.0,7.4,80.4
STU048,Student 048,Information Technology,1,English,13.1,23.4,6.8,74.5
STU048,Student 048,Information Technology,1,Statistics,13.2,15.4,5.5,83.0
STU048,Student 048,Information Technology,2,Mathematics,10.8,27.0,3.9,87.8
STU048,Student 048,Information Technology,2,Programming,10.9,18.7,7.2,83.3
STU048,Student 048,Information Technology,2,Database Systems,9.0,13.0,8.4,83.2
STU048,Student 048,Information Technology,2,English,9.3,23.1,4.4,80.2
STU048,Student 048,Information Technology,2,Statistics,7.3,29.0,4.9,83.4
STU048,Student 048,Information Technology,3,Mathematics,6.8,25.5,5.9,82.6
STU048,Student 048,Information Technology,3,Programming,11.2,24.5,7.9,83.9
STU048,Student 048,Information Technology,3,Database Systems,11.6,14.1,4.1,83.5
STU048,Student 048,Information Technology,3,English,17.1,23.7,9.7,77.7
STU048,Student 048,Information Technology,3,Statistics,5.2,30.6,4.9,83.0
STU049,Student 049,AI & Data Science,1,Mathematics,6.8,16.2,3.5,72.4
STU049,Student 049,AI & Data Science,1,Programming,10.0,21.6,5.7,69.7
STU049,Student 049,AI & Data Science,1,Database Systems,9.5,8.0,5.5,65.4
STU049,Student 049,AI & Data Science,1,English,9.0,37.9,6.9,71.7
STU049,Student 049,AI & Data Science,1,Statistics,11.4,22.8,8.9,75.0
STU049,Student 049,AI & Data Science,2,Mathematics,6.0,17.4,4.3,70.8
STU049,Student 049,AI & Data Science,2,Programming,7.6,22.2,9.0,72.3
STU049,Student 049,AI & Data Science,2,Database Systems,12.2,27.7,5.2,75.0
STU049,Student 049,AI & Data Science,2,English,9.7,34.9,5.9,65.7
STU049,Student 049,AI & Data Science,2,Statistics,10.8,23.0,5.8,75.6
STU049,Student 049,AI & Data Science,3,Mathematics,11.6,12.1,7.6,73.6
STU049,Student 049,AI & Data Science,3,Programming,7.1,25.8,8.0,73.2
STU049,Student 049,AI & Data Science,3,Database Systems,11.8,25.6,3.7,68.8
STU049,Student 049,AI & Data Science,3,English,9.0,26.2,7.4,65.4
STU049,Student 049,AI & Data Science,3,Statistics,12.8,8.8,8.8,68.5
STU050,Student 050,Computer Science,1,Mathematics,18.5,53.6,10.1,82.4
STU050,Student 050,Computer Science,1,Programming,12.6,52.2,13.1,82.2
STU050,Student 050,Computer Science,1,Database Systems,18.9,52.8,11.9,80.6
STU050,Student 050,Computer Science,1,English,22.0,43.9,13.6,80.6
STU050,Student 050,Computer Science,1,Statistics,16.5,38.3,14.2,81.0
STU050,Student 050,Computer Science,2,Mathematics,22.3,39.5,14.5,77.8
STU050,Student 050,Computer Science,2,Programming,21.0,43.4,11.6,81.2
STU050,Student 050,Computer Science,2,Database Systems,20.3,53.7,11.9,79.5
STU050,Student 050,Computer Science,2,English,22.0,56.5,13.4,83.2
STU050,Student 050,Computer Science,2,Statistics,22.6,59.3,10.5,81.6
STU050,Student 050,Computer Science,3,Mathematics,21.1,36.7,10.3,83.9
STU050,Student 050,Computer Science,3,Programming,20.2,55.9,13.9,86.8
STU050,Student 050,Computer Science,3,Database Systems,23.2,41.1,13.5,76.3
STU050,Student 050,Computer Science,3,English,17.8,57.1,12.7,77.9
STU050,Student 050,Computer Science,3,Statistics,22.0,31.0,12.6,78.6
STU051,Student 051,Information Technology,1,Mathematics,14.4,37.3,12.0,88.7
STU051,Student 051,Information Technology,1,Programming,18.7,43.0,13.2,87.5
STU051,Student 051,Information Technology,1,Database Systems,16.6,39.4,12.6,83.0
STU051,Student 051,Information Technology,1,English,21.8,39.1,15.0,89.9
STU051,Student 051,Information Technology,1,Statistics,18.6,34.4,9.7,85.7
STU051,Student 051,Information Technology,2,Mathematics,18.4,43.4,14.0,82.2
STU051,Student 051,Information Technology,2,Programming,20.3,44.3,15.0,86.9
STU051,Student 051,Information Technology,2,Database Systems,15.7,50.5,11.6,83.2
STU051,Student 051,Information Technology,2,English,17.9,42.1,12.2,85.2
STU051,Student 051,Information Technology,2,Statistics,14.5,37.8,13.2,87.9
STU051,Student 051,Information Technology,3,Mathematics,18.3,43.3,12.3,84.7
STU051,Student 051,Information Technology,3,Programming,21.4,43.6,12.0,84.9
STU051,Student 051,Information Technology,3,Database Systems,24.4,60.0,14.0,88.0
STU051,Student 051,Information Technology,3,English,19.6,53.3,15.0,86.0
STU051,Student 051,Information Technology,3,Statistics,19.7,49.9,12.3,84.5
STU052,Student 052,AI & Data Science,1,Mathematics,10.1,32.4,11.3,88.3
STU052,Student 052,AI & Data Science,1,Programming,17.0,46.8,12.0,89.0
STU052,Student 052,AI & Data Science,1,Database Systems,14.3,39.1,12.7,84.6
STU052,Student 052,AI & Data Science,1,English,18.8,25.7,12.9,81.4
STU052,Student 052,AI & Data Science,1,Statistics,15.4,38.4,8.1,81.1
STU052,Student 052,AI & Data Science,2,Mathematics,10.7,36.7,6.9,84.3
STU052,Student 052,AI & Data Science,2,Programming,16.8,38.0,12.0,84.9
STU052,Student 052,AI & Data Science,2,Database Systems,16.6,40.3,11.4,82.9
STU052,Student 052,AI & Data Science,2,English,13.8,41.3,12.6,80.1
STU052,Student 052,AI & Data Science,2,Statistics,13.0,29.0,7.6,80.5
STU052,Student 052,AI & Data Science,3,Mathematics,15.5,36.0,7.7,80.4
STU052,Student 052,AI & Data Science,3,Programming,16.0,52.1,5.2,78.5
STU052,Student 052,AI & Data Science,3,Database Systems,19.2,47.2,12.2,89.9
STU052,Student 052,AI & Data Science,3,English,16.7,47.4,14.5,86.7
STU052,Student 052,AI & Data Science,3,Statistics,17.1,33.9,10.4,86.4
STU053,Student 053,Computer Science,1,Mathematics,12.9,29.9,11.4,80.1
STU053,Student 053,Computer Science,1,Programming,18.5,50.7,11.8,78.6
STU053,Student 053,Computer Science,1,Database Systems,19.5,33.9,13.0,74.6
STU053,Student 053,Computer Science,1,English,19.6,51.4,12.9,79.9
STU053,Student 053,Computer Science,1,Statistics,21.6,47.5,9.3,79.8
STU053,Student 053,Computer Science,2,Mathematics,18.1,43.8,10.1,79.7
STU053,Student 053,Computer Science,2,Programming,20.9,50.9,11.6,76.3
STU053,Student 053,Computer Science,2,Database Systems,19.5,42.2,12.8,80.8
STU053,Student 053,Computer Science,2,English,24.2,45.6,7.9,78.7
STU053,Student 053,Computer Science,2,Statistics,14.2,46.6,10.1,80.4
STU053,Student 053,Computer Science,3,Mathematics,16.9,40.9,10.5,80.1
STU053,Student 053,Computer Science,3,Programming,17.5,47.5,15.0,78.4
STU053,Student 053,Computer Science,3,Database Systems,22.7,41.2,12.1,78.8
STU053,Student 053,Computer Science,3,English,22.5,55.1,11.8,80.5
STU053,Student 053,Computer Science,3,Statistics,14.5,47.4,13.4,79.3
STU054,Student 054,Information Technology,1,Mathematics,9.3,30.4,7.0,76.8
STU054,Student 054,Information Technology,1,Programming,6.8,31.2,9.2,76.3
STU054,Student 054,Information Technology,1,Database Systems,9.6,36.2,5.8,77.3
STU054,Student 054,Information Technology,1,English,9.9,24.0,8.2,82.3
STU054,Student 054,Information Technology,1,Statistics,6.8,17.5,6.4,71.5
STU054,Student 054,Information Technology,2,Mathematics,9.7,26.1,5.6,81.4
STU054,Student 054,Information Technology,2,Programming,12.9,37.4,9.0,80.9
STU054,Student 054,Information Technology,2,Database Systems,5.9,25.9,6.3,76.5
STU054,Student 054,Information Technology,2,English,13.0,24.6,9.4,83.0
STU054,Student 054,Information Technology,2,Statistics,11.2,20.4,6.9,76.4
STU054,Student 054,Information Technology,3,Mathematics,3.1,33.9,4.8,82.7
STU054,Student 054,Information Technology,3,Programming,10.1,24.0,6.5,77.6
STU054,Student 054,Information Technology,3,Database Systems,11.3,36.1,6.4,78.1
STU054,Student 054,Information Technology,3,English,11.4,20.8,6.1,78.2
STU054,Student 054,Information Technology,3,Statistics,2.9,25.8,5.8,79.9
STU055,Student 055,AI & Data Science,1,Mathematics,16.4,36.0,11.3,95.6
STU055,Student 055,AI & Data Science,1,Programming,21.7,56.8,11.7,98.7
STU055,Student 055,AI & Data Science,1,Database Systems,23.2,45.9,15.0,99.6
STU055,Student 055,AI & Data Science,1,English,22.1,56.4,13.8,100.0
STU055,Student 055,AI & Data Science,1,Statistics,18.3,46.7,14.8,95.1
STU055,Student 055,AI & Data Science,2,Mathematics,17.9,48.5,11.9,100.0
STU055,Student 055,AI & Data Science,2,Programming,22.6,60.0,14.5,94.3
STU055,Student 055,AI & Data Science,2,Database Systems,25.0,59.1,12.8,94.0
STU055,Student 055,AI & Data Science,2,English,24.3,55.1,11.2,100.0
STU055,Student 055,AI & Data Science,2,Statistics,18.4,43.0,14.8,97.9
STU055,Student 055,AI & Data Science,3,Mathematics,23.1,47.5,14.2,95.6
STU055,Student 055,AI & Data Science,3,Programming,19.6,41.4,13.5,94.5
STU055,Student 055,AI & Data Science,3,Database Systems,24.8,57.6,14.0,97.9
STU055,Student 055,AI & Data Science,3,English,25.0,60.0,10.1,100.0
STU055,Student 055,AI & Data Science,3,Statistics,18.4,46.6,8.5,94.2
STU056,Student 056,Computer Science,1,Mathematics,5.2,25.8,6.1,73.3
STU056,Student 056,Computer Science,1,Programming,11.4,23.5,11.2,77.6
STU056,Student 056,Computer Science,1,Database Systems,5.1,22.6,6.3,73.2
STU056,Student 056,Computer Science,1,English,12.0,34.6,11.2,76.9
STU056,Student 056,Computer Science,1,Statistics,11.2,17.7,7.1,71.8
STU056,Student 056,Computer Science,2,Mathematics,9.4,27.6,4.6,74.4
STU056,Student 056,Computer Science,2,Programming,11.4,20.7,8.4,71.3
STU056,Student 056,Computer Science,2,Database Systems,8.9,32.3,8.4,74.9
STU056,Student 056,Computer Science,2,English,16.2,27.5,4.9,69.2
STU056,Student 056,Computer Science,2,Statistics,6.5,21.2,9.2,78.4
STU056,Student 056,Computer Science,3,Mathematics,13.4,18.0,6.3,71.9
STU056,Student 056,Computer Science,3,Programming,12.7,30.5,7.3,75.5
STU056,Student 056,Computer Science,3,Database Systems,5.7,14.7,7.6,70.9
STU056,Student 056,Computer Science,3,English,14.9,27.1,8.7,72.7
STU056,Student 056,Computer Science,3,Statistics,11.7,29.6,9.6,79.0
STU057,Student 057,Information Technology,1,Mathematics,17.4,50.3,10.9,89.8
STU057,Student 057,Information Technology,1,Programming,18.8,50.5,13.1,88.7
STU057,Student 057,Information Technology,1,Database Systems,23.3,39.6,11.0,82.0
STU057,Student 057,Information Technology,1,English,25.0,60.0,13.3,88.2
STU057,Student 057,Information Technology,1,Statistics,15.8,47.6,15.0,88.4
STU057,Student 057,Information Technology,2,Mathematics,24.9,51.2,10.8,93.7
STU057,Student 057,Information Technology,2,Programming,21.4,51.5,11.7,89.2
STU057,Student 057,Information Technology,2,Database Systems,20.7,40.4,11.7,82.2
STU057,Student 057,Information Technology,2,English,22.8,48.3,13.3,90.6
STU057,Student 057,Information Technology,2,Statistics,23.3,45.2,11.6,90.6
STU057,Student 057,Information Technology,3,Mathematics,25.0,52.1,11.7,90.3
STU057,Student 057,Information Technology,3,Programming,22.6,41.2,13.1,90.9
STU057,Student 057,Information Technology,3,Database Systems,19.6,51.9,14.7,92.5
STU057,Student 057,Information Technology,3,English,18.5,51.4,12.0,95.2
STU057,Student 057,Information Technology,3,Statistics,17.8,43.9,13.5,85.1
STU058,Student 058,AI & Data Science,1,Mathematics,11.6,16.2,6.1,92.5
STU058,Student 058,AI & Data Science,1,Programming,9.5,33.7,6.0,94.4
STU058,Student 058,AI & Data Science,1,Database Systems,8.3,31.1,6.8,89.3
STU058,Student 058,AI & Data Science,1,English,13.8,37.6,6.5,91.9
STU058,Student 058,AI & Data Science,1,Statistics,5.6,25.3,7.3,90.7
STU058,Student 058,AI & Data Science,2,Mathematics,10.4,15.5,6.2,88.3
STU058,Student 058,AI & Data Science,2,Programming,10.9,35.1,6.6,86.7
STU058,Student 058,AI & Data Science,2,Database Systems,12.3,27.3,7.2,95.6
STU058,Student 058,AI & Data Science,2,English,12.0,30.7,8.1,88.9
STU058,Student 058,AI & Data Science,2,Statistics,10.6,34.3,6.0,91.6
STU058,Student 058,AI & Data Science,3,Mathematics,10.6,30.7,6.1,94.9
STU058,Student 058,AI & Data Science,3,Programming,13.6,33.3,7.0,92.8
STU058,Student 058,AI & Data Science,3,Database Systems,13.3,27.1,12.2,94.5
STU058,Student 058,AI & Data Science,3,English,9.7,37.9,8.0,90.9
STU058,Student 058,AI & Data Science,3,Statistics,12.2,31.3,7.3,97.5
STU059,Student 059,Computer Science,1,Mathematics,6.8,16.4,4.8,89.8
STU059,Student 059,Computer Science,1,Programming,4.2,25.8,7.5,85.7
STU059,Student 059,Computer Science,1,Database Systems,12.5,22.9,6.9,87.9
STU059,Student 059,Computer Science,1,English,10.7,33.2,7.5,91.0
STU059,Student 059,Computer Science,1,Statistics,5.3,25.0,3.6,85.7
STU059,Student 059,Computer Science,2,Mathematics,7.5,28.1,8.7,90.0
STU059,Student 059,Computer Science,2,Programming,14.0,24.6,6.3,87.3
STU059,Student 059,Computer Science,2,Database Systems,6.4,22.5,5.4,92.7
STU059,Student 059,Computer Science,2,English,8.8,14.1,5.7,88.4
STU059,Student 059,Computer Science,2,Statistics,7.2,30.9,5.4,88.8
STU059,Student 059,Computer Science,3,Mathematics,8.3,16.0,6.9,87.1
STU059,Student 059,Computer Science,3,Programming,5.1,25.5,7.1,94.1
STU059,Student 059,Computer Science,3,Database Systems,11.6,11.6,6.2,90.9
STU059,Student 059,Computer Science,3,English,12.7,33.4,5.3,93.4
STU059,Student 059,Computer Science,3,Statistics,13.2,13.0,9.8,89.9
STU060,Student 060,Information Technology,1,Mathematics,8.6,5.6,6.0,91.9
STU060,Student 060,Information Technology,1,Programming,10.5,31.4,6.1,87.8
STU060,Student 060,Information Technology,1,Database Systems,7.6,17.8,7.4,91.0
STU060,Student 060,Information Technology,1,English,10.3,24.4,6.4,92.7
STU060,Student 060,Information Technology,1,Statistics,2.6,22.0,7.6,92.7
STU060,Student 060,Information Technology,2,Mathematics,13.0,22.4,7.0,92.0
STU060,Student 060,Information Technology,2,Programming,9.4,26.7,6.9,95.2
STU060,Student 060,Information Technology,2,Database Systems,2.6,4.6,6.8,94.5
STU060,Student 060,Information Technology,2,English,10.3,34.0,7.6,95.9
STU060,Student 060,Information Technology,2,Statistics,8.7,10.9,7.0,94.9
STU060,Student 060,Information Technology,3,Mathematics,7.9,18.3,7.9,93.8
STU060,Student 060,Information Technology,3,Programming,8.7,16.6,6.5,95.5
STU060,Student 060,Information Technology,3,Database Systems,12.8,12.5,9.3,94.3
STU060,Student 060,Information Technology,3,English,12.9,17.2,6.6,93.6
STU060,Student 060,Information Technology,3,Statistics,10.9,17.9,4.8,94.1
STU061,Student 061,AI & Data Science,1,Mathematics,19.4,48.4,14.5,69.6
STU061,Student 061,AI & Data Science,1,Programming,20.4,44.0,14.5,72.2
STU061,Student 061,AI & Data Science,1,Database Systems,17.7,49.1,11.6,77.4
STU061,Student 061,AI & Data Science,1,English,23.0,60.0,13.9,73.5
STU061,Student 061,AI & Data Science,1,Statistics,18.6,47.2,15.0,76.7
STU061,Student 061,AI & Data Science,2,Mathematics,21.0,57.4,13.1,76.0
STU061,Student 061,AI & Data Science,2,Programming,18.7,48.0,11.8,72.7
STU061,Student 061,AI & Data Science,2,Database Systems,17.5,43.9,8.4,71.0
STU061,Student 061,AI & Data Science,2,English,22.7,43.5,14.5,77.0
STU061,Student 061,AI & Data Science,2,Statistics,21.3,44.9,14.1,73.4
STU061,Student 061,AI & Data Science,3,Mathematics,25.0,60.0,13.8,76.6
STU061,Student 061,AI & Data Science,3,Programming,23.3,60.0,15.0,74.9
STU061,Student 061,AI & Data Science,3,Database Systems,21.1,59.4,12.5,71.4
STU061,Student 061,AI & Data Science,3,English,21.3,56.5,13.3,70.3
STU061,Student 061,AI & Data Science,3,Statistics,22.5,52.2,12.8,74.5
STU062,Student 062,Computer Science,1,Mathematics,11.1,40.2,8.0,96.2
STU062,Student 062,Computer Science,1,Programming,12.9,20.5,8.9,90.0
STU062,Student 062,Computer Science,1,Database Systems,10.2,26.2,9.2,91.1
STU062,Student 062,Computer Science,1,English,12.3,38.7,10.5,93.8
STU062,Student 062,Computer Science,1,Statistics,11.6,40.2,7.2,94.2
STU062,Student 062,Computer Science,2,Mathematics,7.7,25.4,10.0,93.2
STU062,Student 062,Computer Science,2,Programming,11.9,39.2,7.9,90.9
STU062,Student 062,Computer Science,2,Database Systems,13.0,20.5,10.5,95.4
STU062,Student 062,Computer Science,2,English,10.5,38.5,7.1,87.7
STU062,Student 062,Computer Science,2,Statistics,18.1,17.5,7.1,90.5
STU062,Student 062,Computer Science,3,Mathematics,12.7,35.2,6.8,90.0
STU062,Student 062,Computer Science,3,Programming,13.9,20.4,6.8,97.4
STU062,Student 062,Computer Science,3,Database Systems,14.3,37.2,9.8,95.5
STU062,Student 062,Computer Science,3,English,18.3,22.4,6.9,91.4
STU062,Student 062,Computer Science,3,Statistics,13.5,22.1,6.4,91.6
STU063,Student 063,Information Technology,1,Mathematics,10.9,29.4,7.6,93.5
STU063,Student 063,Information Technology,1,Programming,15.0,30.5,10.9,100.0
STU063,Student 063,Information Technology,1,Database Systems,12.5,37.1,7.6,96.1
STU063,Student 063,Information Technology,1,English,17.3,29.8,8.7,97.5
STU063,Student 063,Information Technology,1,Statistics,4.7,33.1,7.9,91.0
STU063,Student 063,Information Technology,2,Mathematics,9.3,31.2,5.0,95.3
STU063,Student 063,Information Technology,2,Programming,14.9,35.0,8.4,96.2
STU063,Student 063,Information Technology,2,Database Systems,14.4,43.1,6.8,97.3
STU063,Student 063,Information Technology,2,English,16.9,30.4,6.2,99.9
STU063,Student 063,Information Technology,2,Statistics,15.6,22.8,7.7,96.6
STU063,Student 063,Information Technology,3,Mathematics,14.5,30.1,8.0,95.3
STU063,Student 063,Information Technology,3,Programming,11.2,38.7,8.6,99.9
STU063,Student 063,Information Technology,3,Database Systems,13.2,28.3,6.8,95.5
STU063,Student 063,Information Technology,3,English,13.5,34.1,8.7,93.7
STU063,Student 063,Information Technology,3,Statistics,13.8,31.2,7.6,100.0
STU064,Student 064,AI & Data Science,1,Mathematics,11.5,33.3,9.7,71.6
STU064,Student 064,AI & Data Science,1,Programming,12.5,45.6,8.6,68.3
STU064,Student 064,AI & Data Science,1,Database Systems,14.6,33.6,8.9,68.1
STU064,Student 064,AI & Data Science,1,English,16.5,39.3,8.5,70.5
STU064,Student 064,AI & Data Science,1,Statistics,15.3,43.0,7.9,71.6
STU064,Student 064,AI & Data Science,2,Mathematics,13.8,41.7,11.8,68.4
STU064,Student 064,AI & Data Science,2,Programming,14.3,21.9,11.9,63.0
STU064,Student 064,AI & Data Science,2,Database Systems,15.0,50.0,9.0,71.8
STU064,Student 064,AI & Data Science,2,English,16.5,43.3,13.0,68.8
STU064,Student 064,AI & Data Science,2,Statistics,13.9,40.7,9.1,66.7
STU064,Student 064,AI & Data Science,3,Mathematics,17.9,30.2,11.1,72.2
STU064,Student 064,AI & Data Science,3,Programming,21.0,42.1,12.3,71.7
STU064,Student 064,AI & Data Science,3,Database Systems,18.4,37.0,12.8,64.9
STU064,Student 064,AI & Data Science,3,English,17.4,50.3,12.1,72.6
STU064,Student 064,AI & Data Science,3,Statistics,16.0,47.8,9.1,68.6
STU065,Student 065,Computer Science,1,Mathematics,7.6,11.4,7.5,88.7
STU065,Student 065,Computer Science,1,Programming,7.9,19.1,3.4,89.5
STU065,Student 065,Computer Science,1,Database Systems,12.1,20.6,7.1,83.5
STU065,Student 065,Computer Science,1,English,6.6,17.2,7.1,88.4
STU065,Student 065,Computer Science,1,Statistics,7.8,28.7,6.9,89.0
STU065,Student 065,Computer Science,2,Mathematics,8.4,20.7,6.4,90.4
STU065,Student 065,Computer Science,2,Programming,13.3,15.6,5.7,85.4
STU065,Student 065,Computer Science,2,Database Systems,8.0,21.6,5.1,86.4
STU065,Student 065,Computer Science,2,English,8.7,17.2,9.2,84.4
STU065,Student 065,Computer Science,2,Statistics,11.4,11.8,6.5,86.3
STU065,Student 065,Computer Science,3,Mathematics,14.7,13.3,4.1,92.1
STU065,Student 065,Computer Science,3,Programming,8.1,22.1,7.7,89.5
STU065,Student 065,Computer Science,3,Database Systems,8.9,23.3,8.3,90.3
STU065,Student 065,Computer Science,3,English,6.8,25.0,6.1,92.5
STU065,Student 065,Computer Science,3,Statistics,8.2,29.5,5.1,85.3
STU066,Student 066,Information Technology,1,Mathematics,12.7,39.8,10.9,74.7
STU066,Student 066,Information Technology,1,Programming,18.0,32.0,9.9,81.1
STU066,Student 066,Information Technology,1,Database Systems,17.8,39.8,14.1,82.3
STU066,Student 066,Information Technology,1,English,15.5,38.9,13.9,72.6
STU066,Student 066,Information Technology,1,Statistics,14.3,38.2,9.4,73.9
STU066,Student 066,Information Technology,2,Mathematics,14.9,43.9,13.0,79.0
STU066,Student 066,Information Technology,2,Programming,18.4,35.5,12.2,75.3
STU066,Student 066,Information Technology,2,Database Systems,19.6,42.0,8.1,79.8
STU066,Student 066,Information Technology,2,English,19.4,33.6,7.4,72.6
STU066,Student 066,Information Technology,2,Statistics,16.7,43.5,13.0,80.9
STU066,Student 066,Information Technology,3,Mathematics,14.0,39.0,6.0,75.5
STU066,Student 066,Information Technology,3,Programming,22.1,40.5,12.0,83.5
STU066,Student 066,Information Technology,3,Database Systems,19.5,55.6,8.6,69.5
STU066,Student 066,Information Technology,3,English,21.0,45.8,14.2,73.3
STU066,Student 066,Information Technology,3,Statistics,17.5,31.2,10.3,75.2
STU067,Student 067,AI & Data Science,1,Mathematics,11.7,12.5,5.9,81.7
STU067,Student 067,AI & Data Science,1,Programming,9.1,19.9,6.6,81.4
STU067,Student 067,AI & Data Science,1,Database Systems,7.1,17.2,2.3,82.4
STU067,Student 067,AI & Data Science,1,English,6.5,21.7,4.2,85.4
STU067,Student 067,AI & Data Science,1,Statistics,6.2,14.8,4.2,87.1
STU067,Student 067,AI & Data Science,2,Mathematics,8.9,15.8,5.2,79.7
STU067,Student 067,AI & Data Science,2,Programming,9.5,17.4,7.9,76.0
STU067,Student 067,AI & Data Science,2,Database Systems,11.3,24.1,2.5,80.4
STU067,Student 067,AI & Data Science,2,English,9.6,31.7,8.1,79.7
STU067,Student 067,AI & Data Science,2,Statistics,7.7,25.9,7.5,82.3
STU067,Student 067,AI & Data Science,3,Mathematics,7.7,0.0,7.7,80.8
STU067,Student 067,AI & Data Science,3,Programming,6.3,13.1,9.7,88.3
STU067,Student 067,AI & Data Science,3,Database Systems,10.7,15.2,5.2,82.9
STU067,Student 067,AI & Data Science,3,English,6.6,27.1,8.6,86.0
STU067,Student 067,AI & Data Science,3,Statistics,7.4,11.3,6.3,86.9
STU068,Student 068,Computer Science,1,Mathematics,9.6,28.5,6.7,74.0
STU068,Student 068,Computer Science,1,Programming,13.9,16.1,11.5,70.5
STU068,Student 068,Computer Science,1,Database Systems,7.4,22.4,7.4,73.4
STU068,Student 068,Computer Science,1,English,14.0,13.0,6.4,72.4
STU068,Student 068,Computer Science,1,Statistics,6.5,17.8,7.6,71.7
STU068,Student 068,Computer Science,2,Mathematics,5.3,8.6,9.8,67.0
STU068,Student 068,Computer Science,2,Programming,9.1,20.5,8.1,71.4
STU068,Student 068,Computer Science,2,Database Systems,8.1,17.2,6.3,77.6
STU068,Student 068,Computer Science,2,English,10.1,27.5,6.2,70.2
STU068,Student 068,Computer Science,2,Statistics,8.9,1.9,10.4,68.4
STU068,Student 068,Computer Science,3,Mathematics,5.6,25.5,9.2,78.4
STU068,Student 068,Computer Science,3,Programming,7.4,21.6,6.8,67.3
STU068,Student 068,Computer Science,3,Database Systems,8.8,17.1,7.0,69.5
STU068,Student 068,Computer Science,3,English,12.9,21.0,6.7,72.3
STU068,Student 068,Computer Science,3,Statistics,13.8,22.2,4.1,72.8
STU069,Student 069,Information Technology,1,Mathematics,17.5,26.9,8.6,86.0
STU069,Student 069,Information Technology,1,Programming,20.0,40.2,10.0,81.7
STU069,Student 069,Information Technology,1,Database Systems,18.2,46.7,11.6,79.6
STU069,Student 069,Information Technology,1,English,16.2,40.7,10.1,82.3
STU069,Student 069,Information Technology,1,Statistics,14.5,38.8,8.7,85.5
STU069,Student 069,Information Technology,2,Mathematics,16.0,33.8,10.5,85.0
STU069,Student 069,Information Technology,2,Programming,11.3,47.0,9.1,89.7
STU069,Student 069,Information Technology,2,Database Systems,10.4,28.2,8.2,85.8
STU069,Student 069,Information Technology,2,English,17.8,48.5,9.6,83.4
STU069,Student 069,Information Technology,2,Statistics,18.7,31.1,8.0,84.8
STU069,Student 069,Information Technology,3,Mathematics,14.1,28.0,7.6,86.2
STU069,Student 069,Information Technology,3,Programming,14.4,42.9,12.3,84.2
STU069,Student 069,Information Technology,3,Database Systems,14.9,36.5,8.9,82.7
STU069,Student 069,Information Technology,3,English,14.4,36.3,12.2,84.6
STU069,Student 069,Information Technology,3,Statistics,16.1,34.9,12.4,82.6
STU070,Student 070,AI & Data Science,1,Mathematics,10.6,20.4,8.0,94.8
STU070,Student 070,AI & Data Science,1,Programming,12.6,18.3,8.1,100.0
STU070,Student 070,AI & Data Science,1,Database Systems,10.3,22.2,9.5,97.7
STU070,Student 070,AI & Data Science,1,English,12.4,24.4,7.3,100.0
STU070,Student 070,AI & Data Science,1,Statistics,12.4,14.4,3.6,99.1
STU070,Student 070,AI & Data Science,2,Mathematics,14.5,19.4,7.7,97.7
STU070,Student 070,AI & Data Science,2,Programming,7.6,30.2,6.3,96.0
STU070,Student 070,AI & Data Science,2,Database Systems,13.1,17.5,6.8,100.0
STU070,Student 070,AI & Data Science,2,English,8.3,32.7,9.1,99.0
STU070,Student 070,AI & Data Science,2,Statistics,8.6,18.8,7.9,96.5
STU070,Student 070,AI & Data Science,3,Mathematics,7.3,24.7,7.2,91.5
STU070,Student 070,AI & Data Science,3,Programming,6.8,25.0,5.3,96.3
STU070,Student 070,AI & Data Science,3,Database Systems,14.1,27.4,6.7,93.6
STU070,Student 070,AI & Data Science,3,English,9.0,26.3,9.7,100.0
STU070,Student 070,AI & Data Science,3,Statistics,12.3,20.5,7.7,95.4
STU071,Student 071,Computer Science,1,Mathematics,8.2,27.4,8.6,69.4
STU071,Student 071,Computer Science,1,Programming,12.9,39.0,6.1,76.2
STU071,Student 071,Computer Science,1,Database Systems,8.4,22.5,6.0,71.9
STU071,Student 071,Computer Science,1,English,10.6,36.2,9.9,69.4
STU071,Student 071,Computer Science,1,Statistics,12.1,28.2,6.1,73.5
STU071,Student 071,Computer Science,2,Mathematics,11.0,30.9,6.8,74.0
STU071,Student 071,Computer Science,2,Programming,10.0,30.1,7.4,67.9
STU071,Student 071,Computer Science,2,Database Systems,12.5,18.3,11.0,69.9
STU071,Student 071,Computer Science,2,English,8.7,28.2,8.8,68.0
STU071,Student 071,Computer Science,2,Statistics,6.0,21.8,6.7,73.2
STU071,Student 071,Computer Science,3,Mathematics,3.7,20.7,5.9,76.9
STU071,Student 071,Computer Science,3,Programming,14.4,34.3,6.1,73.8
STU071,Student 071,Computer Science,3,Database Systems,13.0,18.1,9.3,73.4
STU071,Student 071,Computer Science,3,English,10.1,29.0,9.8,74.2
STU071,Student 071,Computer Science,3,Statistics,7.2,27.1,8.5,70.4
STU072,Student 072,Information Technology,1,Mathematics,6.6,21.1,6.4,66.2
STU072,Student 072,Information Technology,1,Programming,10.4,27.3,6.5,73.6
STU072,Student 072,Information Technology,1,Database Systems,7.4,14.9,5.9,71.2
STU072,Student 072,Information Technology,1,English,8.2,14.6,7.8,71.2
STU072,Student 072,Information Technology,1,Statistics,9.1,25.0,6.3,70.4
STU072,Student 072,Information Technology,2,Mathematics,6.6,15.0,3.9,74.3
STU072,Student 072,Information Technology,2,Programming,9.4,24.1,5.0,69.0
STU072,Student 072,Information Technology,2,Database Systems,9.1,19.7,4.1,69.8
STU072,Student 072,Information Technology,2,English,10.2,30.2,7.7,77.5
STU072,Student 072,Information Technology,2,Statistics,12.2,14.1,6.1,75.8
STU072,Student 072,Information Technology,3,Mathematics,10.0,28.7,4.1,73.2
STU072,Student 072,Information Technology,3,Programming,8.8,30.5,7.4,69.7
STU072,Student 072,Information Technology,3,Database Systems,14.1,14.1,7.2,64.9
STU072,Student 072,Information Technology,3,English,10.2,15.1,4.7,68.8
STU072,Student 072,Information Technology,3,Statistics,10.5,18.8,2.4,74.3
STU073,Student 073,AI & Data Science,1,Mathematics,12.3,27.9,7.2,69.8
STU073,Student 073,AI & Data Science,1,Programming,16.8,41.8,8.1,67.5
STU073,Student 073,AI & Data Science,1,Database Systems,12.1,31.8,10.0,67.8
STU073,Student 073,AI & Data Science,1,English,16.2,29.0,9.2,66.7
STU073,Student 073,AI & Data Science,1,Statistics,4.3,28.5,7.9,69.3
STU073,Student 073,AI & Data Science,2,Mathematics,12.8,33.3,5.4,66.3
STU073,Student 073,AI & Data Science,2,Programming,14.4,28.8,8.3,69.4
STU073,Student 073,AI & Data Science,2,Database Systems,14.0,38.0,9.1,70.0
STU073,Student 073,AI & Data Science,2,English,16.5,25.8,8.2,72.9
STU073,Student 073,AI & Data Science,2,Statistics,14.7,28.4,11.1,71.3
STU073,Student 073,AI & Data Science,3,Mathematics,12.2,42.2,13.8,67.7
STU073,Student 073,AI & Data Science,3,Programming,18.4,38.9,10.5,65.7
STU073,Student 073,AI & Data Science,3,Database Systems,15.1,36.0,9.8,70.0
STU073,Student 073,AI & Data Science,3,English,13.0,39.3,13.4,68.2
STU073,Student 073,AI & Data Science,3,Statistics,13.5,33.6,9.5,62.3
STU074,Student 074,Computer Science,1,Mathematics,8.4,19.9,4.4,89.4
STU074,Student 074,Computer Science,1,Programming,10.0,32.3,8.8,95.6
STU074,Student 074,Computer Science,1,Database Systems,17.8,32.7,6.1,95.1
STU074,Student 074,Computer Science,1,English,9.4,23.6,11.2,87.5
STU074,Student 074,Computer Science,1,Statistics,13.5,25.2,6.8,85.1
STU074,Student 074,Computer Science,2,Mathematics,11.5,23.4,4.9,88.7
STU074,Student 074,Computer Science,2,Programming,11.2,28.2,7.9,93.5
STU074,Student 074,Computer Science,2,Database Systems,10.3,28.5,8.9,93.0
STU074,Student 074,Computer Science,2,English,11.0,21.8,7.7,85.3
STU074,Student 074,Computer Science,2,Statistics,8.9,16.5,9.8,91.1
STU074,Student 074,Computer Science,3,Mathematics,9.3,20.1,8.6,91.5
STU074,Student 074,Computer Science,3,Programming,12.6,34.5,7.8,94.6
STU074,Student 074,Computer Science,3,Database Systems,10.9,34.5,7.2,91.9
STU074,Student 074,Computer Science,3,English,12.8,28.4,10.2,91.1
STU074,Student 074,Computer Science,3,Statistics,15.9,12.6,7.3,93.0
STU075,Student 075,Information Technology,1,Mathematics,19.9,55.6,12.2,81.6
STU075,Student 075,Information Technology,1,Programming,20.6,44.8,12.5,80.6
STU075,Student 075,Information Technology,1,Database Systems,20.4,52.1,15.0,78.5
STU075,Student 075,Information Technology,1,English,20.4,46.5,13.8,84.2
STU075,Student 075,Information Technology,1,Statistics,21.6,47.4,13.0,83.9
STU075,Student 075,Information Technology,2,Mathematics,19.7,47.2,15.0,82.1
STU075,Student 075,Information Technology,2,Programming,20.0,57.2,12.9,86.3
STU075,Student 075,Information Technology,2,Database Systems,22.1,50.6,11.6,80.3
STU075,Student 075,Information Technology,2,English,20.5,49.1,13.4,85.2
STU075,Student 075,Information Technology,2,Statistics,25.0,49.6,14.1,80.4
STU075,Student 075,Information Technology,3,Mathematics,22.5,52.2,12.1,81.0
STU075,Student 075,Information Technology,3,Programming,22.2,39.1,14.9,82.1
STU075,Student 075,Information Technology,3,Database Systems,20.3,51.4,14.6,76.7
STU075,Student 075,Information Technology,3,English,20.3,57.4,15.0,83.6
STU075,Student 075,Information Technology,3,Statistics,17.8,53.0,12.8,76.3
STU076,Student 076,AI & Data Science,1,Mathematics,9.4,14.6,6.9,89.7
STU076,Student 076,AI & Data Science,1,Programming,13.3,29.0,8.7,93.7
STU076,Student 076,AI & Data Science,1,Database Systems,12.8,32.5,9.3,94.3
STU076,Student 076,AI & Data Science,1,English,11.0,31.4,10.5,91.9
STU076,Student 076,AI & Data Science,1,Statistics,8.8,27.5,8.3,94.4
STU076,Student 076,AI & Data Science,2,Mathematics,11.7,38.3,8.0,91.4
STU076,Student 076,AI & Data Science,2,Programming,12.0,35.4,10.1,96.7
STU076,Student 076,AI & Data Science,2,Database Systems,12.0,27.7,7.0,95.0
STU076,Student 076,AI & Data Science,2,English,9.7,29.7,11.2,90.9
STU076,Student 076,AI & Data Science,2,Statistics,17.9,29.4,6.4,94.5
STU076,Student 076,AI & Data Science,3,Mathematics,12.5,41.0,11.8,93.7
STU076,Student 076,AI & Data Science,3,Programming,12.4,37.0,8.9,87.6
STU076,Student 076,AI & Data Science,3,Database Systems,9.9,33.6,8.7,92.4
STU076,Student 076,AI & Data Science,3,English,13.2,28.0,7.1,91.3
STU076,Student 076,AI & Data Science,3,Statistics,15.0,41.7,7.5,92.6
STU077,Student 077,Computer Science,1,Mathematics,18.8,60.0,12.2,82.7
STU077,Student 077,Computer Science,1,Programming,17.7,49.1,10.6,75.9
STU077,Student 077,Computer Science,1,Database Systems,20.6,44.0,11.6,72.2
STU077,Student 077,Computer Science,1,English,14.3,39.3,10.5,76.2
STU077,Student 077,Computer Science,1,Statistics,19.6,24.6,12.6,76.6
STU077,Student 077,Computer Science,2,Mathematics,20.7,47.8,12.9,69.3
STU077,Student 077,Computer Science,2,Programming,18.0,37.0,13.2,72.6
STU077,Student 077,Computer Science,2,Database Systems,25.0,53.4,10.2,75.2
STU077,Student 077,Computer Science,2,English,21.5,50.2,15.0,76.5
STU077,Student 077,Computer Science,2,Statistics,21.6,43.6,10.8,77.3
STU077,Student 077,Computer Science,3,Mathematics,21.7,37.5,10.0,73.7
STU077,Student 077,Computer Science,3,Programming,18.2,47.2,14.0,74.5
STU077,Student 077,Computer Science,3,Database Systems,19.7,38.1,10.7,73.6
STU077,Student 077,Computer Science,3,English,20.0,45.7,13.3,74.6
STU077,Student 077,Computer Science,3,Statistics,18.2,43.9,15.0,75.3
STU078,Student 078,Information Technology,1,Mathematics,21.0,52.0,13.5,71.6
STU078,Student 078,Information Technology,1,Programming,22.4,60.0,13.8,79.7
STU078,Student 078,Information Technology,1,Database Systems,20.0,54.1,11.8,76.6
STU078,Student 078,Information Technology,1,English,25.0,53.6,15.0,81.0
STU078,Student 078,Information Technology,1,Statistics,24.6,58.3,14.8,73.4
STU078,Student 078,Information Technology,2,Mathematics,19.4,44.4,14.4,72.2
STU078,Student 078,Information Technology,2,Programming,20.9,53.2,13.2,77.4
STU078,Student 078,Information Technology,2,Database Systems,23.1,41.1,14.6,78.1
STU078,Student 078,Information Technology,2,English,23.4,48.9,15.0,81.2
STU078,Student 078,Information Technology,2,Statistics,22.6,50.3,12.1,76.2
STU078,Student 078,Information Technology,3,Mathematics,21.1,51.1,13.2,83.6
STU078,Student 078,Information Technology,3,Programming,21.8,48.1,11.6,80.0
STU078,Student 078,Information Technology,3,Database Systems,21.3,55.5,13.9,77.1
STU078,Student 078,Information Technology,3,English,23.7,55.6,15.0,77.3
STU078,Student 078,Information Technology,3,Statistics,24.1,43.8,15.0,81.8
STU079,Student 079,AI & Data Science,1,Mathematics,14.0,26.4,6.5,69.2
STU079,Student 079,AI & Data Science,1,Programming,8.4,25.1,7.9,73.3
STU079,Student 079,AI & Data Science,1,Database Systems,13.2,45.9,7.3,72.6
STU079,Student 079,AI & Data Science,1,English,10.9,38.8,10.3,74.6
STU079,Student 079,AI & Data Science,1,Statistics,14.4,27.9,11.5,73.7
STU079,Student 079,AI & Data Science,2,Mathematics,14.5,17.2,6.2,73.8
STU079,Student 079,AI & Data Science,2,Programming,7.9,34.4,10.2,72.5
STU079,Student 079,AI & Data Science,2,Database Systems,8.6,19.7,9.7,71.3
STU079,Student 079,AI & Data Science,2,English,11.3,34.8,10.5,75.0
STU079,Student 079,AI & Data Science,2,Statistics,15.6,37.3,9.5,74.2
STU079,Student 079,AI & Data Science,3,Mathematics,12.7,22.0,9.1,70.6
STU079,Student 079,AI & Data Science,3,Programming,14.5,31.0,10.1,75.3
STU079,Student 079,AI & Data Science,3,Database Systems,20.3,28.8,5.9,73.1
STU079,Student 079,AI & Data Science,3,English,14.0,24.4,7.0,73.0
STU079,Student 079,AI & Data Science,3,Statistics,8.8,31.9,8.0,71.9
STU080,Student 080,Computer Science,1,Mathematics,11.3,10.3,4.6,72.2
STU080,Student 080,Computer Science,1,Programming,7.3,24.8,7.6,69.4
STU080,Student 080,Computer Science,1,Database Systems,10.4,23.4,7.3,70.3
STU080,Student 080,Computer Science,1,English,7.3,22.3,9.3,75.2
STU080,Student 080,Computer Science,1,Statistics,13.0,26.9,4.2,76.3
STU080,Student 080,Computer Science,2,Mathematics,11.3,21.7,5.2,73.5
STU080,Student 080,Computer Science,2,Programming,9.9,31.1,4.5,74.5
STU080,Student 080,Computer Science,2,Database Systems,14.3,11.7,4.9,73.6
STU080,Student 080,Computer Science,2,English,8.5,31.8,6.8,67.5
STU080,Student 080,Computer Science,2,Statistics,3.2,17.9,5.3,73.4
STU080,Student 080,Computer Science,3,Mathematics,7.6,20.0,6.6,69.6
STU080,Student 080,Computer Science,3,Programming,18.0,16.6,8.6,62.0
STU080,Student 080,Computer Science,3,Database Systems,10.2,32.0,5.7,67.8
STU080,Student 080,Computer Science,3,English,9.5,28.4,6.5,72.7
STU080,Student 080,Computer Science,3,Statistics,6.0,21.5,5.4,70.6
STU081,Student 081,Information Technology,1,Mathematics,14.1,32.2,5.9,75.9
STU081,Student 081,Information Technology,1,Programming,14.9,27.1,8.1,75.2
STU081,Student 081,Information Technology,1,Database Systems,13.2,26.5,5.8,74.1
STU081,Student 081,Information Technology,1,English,10.0,25.7,5.2,74.1
STU081,Student 081,Information Technology,1,Statistics,9.4,31.6,10.4,72.2
STU081,Student 081,Information Technology,2,Mathematics,11.0,38.4,9.2,77.5
STU081,Student 081,Information Technology,2,Programming,15.0,25.3,9.3,78.2
STU081,Student 081,Information Technology,2,Database Systems,15.6,25.8,9.8,75.2
STU081,Student 081,Information Technology,2,English,13.1,34.0,10.6,70.2
STU081,Student 081,Information Technology,2,Statistics,6.3,29.1,8.4,75.9
STU081,Student 081,Information Technology,3,Mathematics,13.8,33.5,7.1,76.0
STU081,Student 081,Information Technology,3,Programming,12.9,24.1,10.2,75.1
STU081,Student 081,Information Technology,3,Database Systems,10.7,36.5,9.0,77.8
STU081,Student 081,Information Technology,3,English,17.9,34.2,7.7,76.2
STU081,Student 081,Information Technology,3,Statistics,10.1,31.7,9.2,78.5
STU082,Student 082,AI & Data Science,1,Mathematics,10.0,24.2,4.0,80.7
STU082,Student 082,AI & Data Science,1,Programming,8.2,25.9,3.4,76.8
STU082,Student 082,AI & Data Science,1,Database Systems,12.2,14.6,9.1,76.7
STU082,Student 082,AI & Data Science,1,English,5.0,21.0,7.1,74.7
STU082,Student 082,AI & Data Science,1,Statistics,11.6,21.7,0.8,81.8
STU082,Student 082,AI & Data Science,2,Mathematics,4.7,17.1,5.2,75.8
STU082,Student 082,AI & Data Science,2,Programming,12.3,22.4,3.0,79.3
STU082,Student 082,AI & Data Science,2,Database Systems,7.1,4.4,8.2,75.7
STU082,Student 082,AI & Data Science,2,English,8.5,21.0,7.3,77.7
STU082,Student 082,AI & Data Science,2,Statistics,7.6,15.8,6.4,76.9
STU082,Student 082,AI & Data Science,3,Mathematics,4.9,11.4,7.2,81.9
STU082,Student 082,AI & Data Science,3,Programming,9.2,26.7,5.0,76.7
STU082,Student 082,AI & Data Science,3,Database Systems,6.7,18.7,5.0,76.4
STU082,Student 082,AI & Data Science,3,English,9.8,19.1,6.8,75.3
STU082,Student 082,AI & Data Science,3,Statistics,9.0,5.2,6.3,79.4
STU083,Student 083,Computer Science,1,Mathematics,16.6,33.9,12.8,71.8
STU083,Student 083,Computer Science,1,Programming,21.7,44.1,12.0,79.8
STU083,Student 083,Computer Science,1,Database Systems,16.4,33.9,15.0,67.3
STU083,Student 083,Computer Science,1,English,20.2,46.0,14.3,72.3
STU083,Student 083,Computer Science,1,Statistics,17.7,50.7,13.3,73.2
STU083,Student 083,Computer Science,2,Mathematics,16.0,41.2,15.0,78.0
STU083,Student 083,Computer Science,2,Programming,17.5,48.6,15.0,68.3
STU083,Student 083,Computer Science,2,Database Systems,16.6,48.9,8.0,72.3
STU083,Student 083,Computer Science,2,English,21.6,55.1,14.4,77.6
STU083,Student 083,Computer Science,2,Statistics,19.6,35.3,12.3,70.7
STU083,Student 083,Computer Science,3,Mathematics,18.3,48.4,12.1,74.1
STU083,Student 083,Computer Science,3,Programming,25.0,60.0,13.3,69.8
STU083,Student 083,Computer Science,3,Database Systems,22.5,44.2,12.7,77.8
STU083,Student 083,Computer Science,3,English,20.4,38.9,11.0,74.6
STU083,Student 083,Computer Science,3,Statistics,21.4,38.5,13.7,74.3
STU084,Student 084,Information Technology,1,Mathematics,11.0,17.2,3.3,80.5
STU084,Student 084,Information Technology,1,Programming,7.9,20.9,6.8,81.0
STU084,Student 084,Information Technology,1,Database Systems,7.4,22.8,9.5,76.7
STU084,Student 084,Information Technology,1,English,5.2,23.2,7.3,74.5
STU084,Student 084,Information Technology,1,Statistics,7.0,26.6,4.5,86.1
STU084,Student 084,Information Technology,2,Mathematics,7.6,16.7,10.1,83.4
STU084,Student 084,Information Technology,2,Programming,11.4,5.5,7.6,78.9
STU084,Student 084,Information Technology,2,Database Systems,9.3,18.4,7.1,87.3
STU084,Student 084,Information Technology,2,English,14.6,36.6,6.6,84.3
STU084,Student 084,Information Technology,2,Statistics,7.7,15.0,4.8,77.8
STU084,Student 084,Information Technology,3,Mathematics,2.9,33.1,5.1,87.2
STU084,Student 084,Information Technology,3,Programming,14.8,28.9,3.0,81.3
STU084,Student 084,Information Technology,3,Database Systems,10.9,20.9,7.3,81.9
STU084,Student 084,Information Technology,3,English,10.6,34.8,6.9,83.8
STU084,Student 084,Information Technology,3,Statistics,10.7,26.6,7.5,83.8
STU085,Student 085,AI & Data Science,1,Mathematics,20.4,58.1,11.2,68.3
STU085,Student 085,AI & Data Science,1,Programming,18.5,43.1,10.0,70.4
STU085,Student 085,AI & Data Science,1,Database Systems,17.8,34.0,15.0,71.3
STU085,Student 085,AI & Data Science,1,English,19.6,42.0,13.6,70.1
STU085,Student 085,AI & Data Science,1,Statistics,21.3,52.3,14.8,72.1
STU085,Student 085,AI & Data Science,2,Mathematics,20.0,51.3,13.6,70.0
STU085,Student 085,AI & Data Science,2,Programming,21.5,50.6,13.8,70.7
STU085,Student 085,AI & Data Science,2,Database Systems,16.7,60.0,12.6,71.5
STU085,Student 085,AI & Data Science,2,English,20.0,49.2,14.1,70.7
STU085,Student 085,AI & Data Science,2,Statistics,20.2,44.4,14.4,73.3
STU085,Student 085,AI & Data Science,3,Mathematics,15.8,46.6,12.7,66.5
STU085,Student 085,AI & Data Science,3,Programming,19.9,52.1,12.7,65.6
STU085,Student 085,AI & Data Science,3,Database Systems,23.6,51.9,10.5,75.5
STU085,Student 085,AI & Data Science,3,English,22.5,45.0,15.0,70.7
STU085,Student 085,AI & Data Science,3,Statistics,19.7,60.0,13.0,82.8
STU086,Student 086,Computer Science,1,Mathematics,17.1,34.0,10.4,87.6
STU086,Student 086,Computer Science,1,Programming,9.9,42.8,10.8,87.8
STU086,Student 086,Computer Science,1,Database Systems,20.9,36.9,10.1,85.4
STU086,Student 086,Computer Science,1,English,25.0,53.9,13.6,88.8
STU086,Student 086,Computer Science,1,Statistics,16.2,44.0,11.5,88.9
STU086,Student 086,Computer Science,2,Mathematics,12.6,41.1,10.8,96.0
STU086,Student 086,Computer Science,2,Programming,19.1,29.6,11.0,91.0
STU086,Student 086,Computer Science,2,Database Systems,16.9,44.8,15.0,93.4
STU086,Student 086,Computer Science,2,English,19.6,43.0,14.8,86.2
STU086,Student 086,Computer Science,2,Statistics,16.0,42.7,10.7,90.7
STU086,Student 086,Computer Science,3,Mathematics,15.0,47.7,14.2,89.7
STU086,Student 086,Computer Science,3,Programming,16.0,33.8,11.2,88.3
STU086,Student 086,Computer Science,3,Database Systems,21.0,43.8,12.4,94.8
STU086,Student 086,Computer Science,3,English,20.1,43.1,15.0,81.6
STU086,Student 086,Computer Science,3,Statistics,18.5,49.6,15.0,91.3
STU087,Student 087,Information Technology,1,Mathematics,17.1,34.0,6.2,85.9
STU087,Student 087,Information Technology,1,Programming,16.7,30.3,10.9,86.9
STU087,Student 087,Information Technology,1,Database Systems,16.5,29.8,7.5,86.8
STU087,Student 087,Information Technology,1,English,12.9,36.7,12.2,92.2
STU087,Student 087,Information Technology,1,Statistics,11.7,27.2,9.7,84.8
STU087,Student 087,Information Technology,2,Mathematics,16.8,35.4,10.7,88.8
STU087,Student 087,Information Technology,2,Programming,19.0,27.3,7.8,83.2
STU087,Student 087,Information Technology,2,Database Systems,11.2,33.9,10.6,86.4
STU087,Student 087,Information Technology,2,English,22.8,39.8,9.5,84.4
STU087,Student 087,Information Technology,2,Statistics,13.1,23.2,10.3,84.1
STU087,Student 087,Information Technology,3,Mathematics,9.2,39.6,10.8,85.7
STU087,Student 087,Information Technology,3,Programming,16.4,34.0,7.8,90.5
STU087,Student 087,Information Technology,3,Database Systems,10.2,34.0,10.3,84.7
STU087,Student 087,Information Technology,3,English,15.1,33.6,10.4,92.5
STU087,Student 087,Information Technology,3,Statistics,16.4,33.8,11.0,91.9
STU088,Student 088,AI & Data Science,1,Mathematics,8.7,28.2,8.2,89.6
STU088,Student 088,AI & Data Science,1,Programming,13.2,38.4,9.1,95.2
STU088,Student 088,AI & Data Science,1,Database Systems,7.9,30.8,10.7,95.3
STU088,Student 088,AI & Data Science,1,English,15.2,28.7,9.1,87.1
STU088,Student 088,AI & Data Science,1,Statistics,11.0,26.0,6.1,90.7
STU088,Student 088,AI & Data Science,2,Mathematics,15.4,35.8,10.2,95.4
STU088,Student 088,AI & Data Science,2,Programming,9.8,35.5,8.7,94.3
STU088,Student 088,AI & Data Science,2,Database Systems,14.0,33.6,7.2,94.6
STU088,Student 088,AI & Data Science,2,English,12.9,27.7,11.7,97.7
STU088,Student 088,AI & Data Science,2,Statistics,10.4,32.1,5.1,90.5
STU088,Student 088,AI & Data Science,3,Mathematics,9.7,30.5,6.2,90.6
STU088,Student 088,AI & Data Science,3,Programming,14.4,41.1,11.3,92.4
STU088,Student 088,AI & Data Science,3,Database Systems,16.6,42.5,11.0,89.6
STU088,Student 088,AI & Data Science,3,English,14.7,29.4,9.4,89.9
STU088,Student 088,AI & Data Science,3,Statistics,12.3,32.2,9.4,91.5
STU089,Student 089,Computer Science,1,Mathematics,16.0,39.8,5.0,94.8
STU089,Student 089,Computer Science,1,Programming,14.6,33.6,11.0,92.7
STU089,Student 089,Computer Science,1,Database Systems,10.7,23.1,8.2,94.3
STU089,Student 089,Computer Science,1,English,14.1,36.4,11.8,97.5
STU089,Student 089,Computer Science,1,Statistics,17.5,37.5,10.0,94.8
STU089,Student 089,Computer Science,2,Mathematics,16.0,40.3,9.7,96.8
STU089,Student 089,Computer Science,2,Programming,14.4,40.0,10.3,97.6
STU089,Student 089,Computer Science,2,Database Systems,17.2,28.3,13.0,94.9
STU089,Student 089,Computer Science,2,English,19.3,34.9,11.4,93.2
STU089,Student 089,Computer Science,2,Statistics,15.2,29.6,9.6,95.6
STU089,Student 089,Computer Science,3,Mathematics,13.2,45.2,10.9,98.2
STU089,Student 089,Computer Science,3,Programming,14.0,29.0,9.6,92.7
STU089,Student 089,Computer Science,3,Database Systems,11.2,45.4,10.5,91.8
STU089,Student 089,Computer Science,3,English,15.3,41.6,14.4,98.5
STU089,Student 089,Computer Science,3,Statistics,17.9,32.7,8.2,95.8
STU090,Student 090,Information Technology,1,Mathematics,11.9,22.2,4.5,100.0
STU090,Student 090,Information Technology,1,Programming,11.4,31.4,7.0,100.0
STU090,Student 090,Information Technology,1,Database Systems,9.4,27.5,10.6,97.6
STU090,Student 090,Information Technology,1,English,11.4,27.1,8.7,94.3
STU090,Student 090,Information Technology,1,Statistics,11.9,19.7,6.8,100.0
STU090,Student 090,Information Technology,2,Mathematics,11.5,12.2,10.5,97.7
STU090,Student 090,Information Technology,2,Programming,8.0,22.6,7.3,94.9
STU090,Student 090,Information Technology,2,Database Systems,8.2,25.5,8.2,98.1
STU090,Student 090,Information Technology,2,English,9.0,19.1,11.1,94.7
STU090,Student 090,Information Technology,2,Statistics,12.6,24.8,6.7,96.4
STU090,Student 090,Information Technology,3,Mathematics,11.2,36.7,11.2,99.8
STU090,Student 090,Information Technology,3,Programming,12.2,26.8,7.5,91.4
STU090,Student 090,Information Technology,3,Database Systems,12.5,45.5,5.9,98.2
STU090,Student 090,Information Technology,3,English,16.9,38.9,9.2,96.8
STU090,Student 090,Information Technology,3,Statistics,12.0,25.4,7.7,90.5
STU091,Student 091,AI & Data Science,1,Mathematics,15.7,40.5,9.8,97.3
STU091,Student 091,AI & Data Science,1,Programming,19.5,41.1,11.4,99.2
STU091,Student 091,AI & Data Science,1,Database Systems,19.6,42.1,12.3,99.1
STU091,Student 091,AI & Data Science,1,English,17.2,35.8,10.0,94.7
STU091,Student 091,AI & Data Science,1,Statistics,15.9,39.0,14.7,96.8
STU091,Student 091,AI & Data Science,2,Mathematics,15.0,44.2,5.9,89.5
STU091,Student 091,AI & Data Science,2,Programming,17.1,28.4,12.6,98.5
STU091,Student 091,AI & Data Science,2,Database Systems,18.4,45.7,9.0,95.7
STU091,Student 091,AI & Data Science,2,English,17.1,49.4,9.4,99.9
STU091,Student 091,AI & Data Science,2,Statistics,16.0,46.5,12.6,95.4
STU091,Student 091,AI & Data Science,3,Mathematics,18.4,32.6,9.8,93.0
STU091,Student 091,AI & Data Science,3,Programming,19.7,43.1,12.8,91.7
STU091,Student 091,AI & Data Science,3,Database Systems,17.4,52.4,12.2,92.9
STU091,Student 091,AI & Data Science,3,English,19.8,49.2,12.6,96.8
STU091,Student 091,AI & Data Science,3,Statistics,22.7,44.5,9.1,95.7
STU092,Student 092,Computer Science,1,Mathematics,24.6,50.4,14.5,77.4
STU092,Student 092,Computer Science,1,Programming,24.8,44.4,14.2,78.6
STU092,Student 092,Computer Science,1,Database Systems,19.0,57.7,11.5,75.4
STU092,Student 092,Computer Science,1,English,20.9,48.9,10.1,72.8
STU092,Student 092,Computer Science,1,Statistics,20.4,49.5,12.0,70.5
STU092,Student 092,Computer Science,2,Mathematics,21.1,45.1,12.4,77.5
STU092,Student 092,Computer Science,2,Programming,20.9,41.9,11.8,76.2
STU092,Student 092,Computer Science,2,Database Systems,20.0,40.5,12.4,76.5
STU092,Student 092,Computer Science,2,English,22.0,47.1,14.6,75.7
STU092,Student 092,Computer Science,2,Statistics,21.6,53.4,13.8,81.4
STU092,Student 092,Computer Science,3,Mathematics,16.9,56.9,13.4,79.9
STU092,Student 092,Computer Science,3,Programming,20.8,51.2,14.2,79.5
STU092,Student 092,Computer Science,3,Database Systems,18.0,48.8,13.9,76.5
STU092,Student 092,Computer Science,3,English,19.5,52.0,15.0,77.6
STU092,Student 092,Computer Science,3,Statistics,18.8,45.9,12.5,73.6
STU093,Student 093,Information Technology,1,Mathematics,18.8,41.5,10.1,73.9
STU093,Student 093,Information Technology,1,Programming,17.7,48.6,11.0,69.8
STU093,Student 093,Information Technology,1,Database Systems,18.1,49.9,12.6,68.9
STU093,Student 093,Information Technology,1,English,16.5,48.4,13.0,74.5
STU093,Student 093,Information Technology,1,Statistics,21.9,34.6,15.0,70.2
STU093,Student 093,Information Technology,2,Mathematics,17.6,48.5,11.4,72.0
STU093,Student 093,Information Technology,2,Programming,21.6,51.6,15.0,67.9
STU093,Student 093,Information Technology,2,Database Systems,20.6,59.5,13.6,75.6
STU093,Student 093,Information Technology,2,English,21.9,58.7,15.0,71.2
STU093,Student 093,Information Technology,2,Statistics,18.9,48.4,15.0,68.0
STU093,Student 093,Information Technology,3,Mathematics,18.8,48.2,13.1,71.0
STU093,Student 093,Information Technology,3,Programming,17.3,57.6,14.3,67.8
STU093,Student 093,Information Technology,3,Database Systems,25.0,53.4,15.0,67.2
STU093,Student 093,Information Technology,3,English,25.0,50.1,10.3,69.2
STU093,Student 093,Information Technology,3,Statistics,22.3,42.0,15.0,69.1
STU094,Student 094,AI & Data Science,1,Mathematics,12.4,30.8,7.1,75.5
STU094,Student 094,AI & Data Science,1,Programming,14.9,33.4,9.0,83.9
STU094,Student 094,AI & Data Science,1,Database Systems,11.9,31.1,8.1,78.7
STU094,Student 094,AI & Data Science,1,English,20.4,40.0,10.3,78.3
STU094,Student 094,AI & Data Science,1,Statistics,12.8,39.6,9.0,73.6
STU094,Student 094,AI & Data Science,2,Mathematics,14.7,25.9,8.8,83.5
STU094,Student 094,AI & Data Science,2,Programming,13.1,25.3,9.0,81.5
STU094,Student 094,AI & Data Science,2,Database Systems,9.7,34.1,11.8,82.0
STU094,Student 094,AI & Data Science,2,English,12.5,38.5,14.2,78.0
STU094,Student 094,AI & Data Science,2,Statistics,14.4,28.0,8.2,74.0
STU094,Student 094,AI & Data Science,3,Mathematics,18.1,32.2,10.4,78.8
STU094,Student 094,AI & Data Science,3,Programming,16.5,37.5,9.0,76.3
STU094,Student 094,AI & Data Science,3,Database Systems,15.1,36.7,12.6,75.6
STU094,Student 094,AI & Data Science,3,English,16.6,34.0,8.6,80.9
STU094,Student 094,AI & Data Science,3,Statistics,13.3,37.4,7.9,77.2
STU095,Student 095,Computer Science,1,Mathematics,22.6,45.2,14.0,71.1
STU095,Student 095,Computer Science,1,Programming,24.8,43.6,15.0,68.1
STU095,Student 095,Computer Science,1,Database Systems,23.4,47.2,10.2,70.0
STU095,Student 095,Computer Science,1,English,20.8,60.0,15.0,71.1
STU095,Student 095,Computer Science,1,Statistics,17.7,44.5,10.4,69.9
STU095,Student 095,Computer Science,2,Mathematics,15.6,50.4,12.1,73.8
STU095,Student 095,Computer Science,2,Programming,22.3,58.4,15.0,71.5
STU095,Student 095,Computer Science,2,Database Systems,19.5,50.8,15.0,69.0
STU095,Student 095,Computer Science,2,English,20.9,48.0,13.1,67.5
STU095,Student 095,Computer Science,2,Statistics,20.2,39.6,11.9,73.5
STU095,Student 095,Computer Science,3,Mathematics,20.4,54.5,14.7,68.0
STU095,Student 095,Computer Science,3,Programming,21.5,51.8,12.8,67.8
STU095,Student 095,Computer Science,3,Database Systems,25.0,55.9,14.8,61.8
STU095,Student 095,Computer Science,3,English,22.0,52.8,15.0,73.3
STU095,Student 095,Computer Science,3,Statistics,20.7,56.0,13.3,65.5
STU096,Student 096,Information Technology,1,Mathematics,18.6,55.9,15.0,87.5
STU096,Student 096,Information Technology,1,Programming,22.4,59.1,15.0,91.7
STU096,Student 096,Information Technology,1,Database Systems,22.4,53.5,14.8,88.4
STU096,Student 096,Information Technology,1,English,24.7,60.0,15.0,97.0
STU096,Student 096,Information Technology,1,Statistics,24.3,52.3,15.0,95.4
STU096,Student 096,Information Technology,2,Mathematics,21.2,60.0,13.2,87.7
STU096,Student 096,Information Technology,2,Programming,21.6,53.9,13.3,94.5
STU096,Student 096,Information Technology,2,Database Systems,22.8,57.5,15.0,92.2
STU096,Student 096,Information Technology,2,English,25.0,60.0,15.0,89.6
STU096,Student 096,Information Technology,2,Statistics,22.1,55.0,15.0,91.8
STU096,Student 096,Information Technology,3,Mathematics,19.3,57.5,15.0,93.3
STU096,Student 096,Information Technology,3,Programming,25.0,60.0,13.1,88.6
STU096,Student 096,Information Technology,3,Database Systems,21.1,60.0,15.0,91.4
STU096,Student 096,Information Technology,3,English,25.0,59.0,14.1,91.1
STU096,Student 096,Information Technology,3,Statistics,24.6,60.0,15.0,91.8
STU097,Student 097,AI & Data Science,1,Mathematics,23.0,44.9,12.6,83.5
STU097,Student 097,AI & Data Science,1,Programming,17.4,43.1,13.4,84.0
STU097,Student 097,AI & Data Science,1,Database Systems,19.2,39.4,15.0,84.4
STU097,Student 097,AI & Data Science,1,English,19.9,54.4,12.9,82.2
STU097,Student 097,AI & Data Science,1,Statistics,21.9,52.3,13.4,83.8
STU097,Student 097,AI & Data Science,2,Mathematics,19.9,50.9,13.0,83.7
STU097,Student 097,AI & Data Science,2,Programming,22.2,44.8,13.4,82.5
STU097,Student 097,AI & Data Science,2,Database Systems,18.6,55.2,14.4,82.9
STU097,Student 097,AI & Data Science,2,English,18.1,44.6,11.0,80.4
STU097,Student 097,AI & Data Science,2,Statistics,21.9,46.0,12.2,82.4
STU097,Student 097,AI & Data Science,3,Mathematics,17.9,38.8,12.1,86.9
STU097,Student 097,AI & Data Science,3,Programming,18.8,51.0,15.0,83.8
STU097,Student 097,AI & Data Science,3,Database Systems,20.7,60.0,9.8,82.6
STU097,Student 097,AI & Data Science,3,English,18.9,46.2,15.0,84.4
STU097,Student 097,AI & Data Science,3,Statistics,16.5,53.8,14.5,79.7
STU098,Student 098,Computer Science,1,Mathematics,19.3,46.8,11.9,100.0
STU098,Student 098,Computer Science,1,Programming,21.6,60.0,15.0,95.9
STU098,Student 098,Computer Science,1,Database Systems,13.1,36.3,11.9,96.5
STU098,Student 098,Computer Science,1,English,24.6,51.9,11.7,99.6
STU098,Student 098,Computer Science,1,Statistics,17.0,43.7,10.3,96.2
STU098,Student 098,Computer Science,2,Mathematics,19.5,48.8,12.4,97.1
STU098,Student 098,Computer Science,2,Programming,19.6,36.8,14.8,98.4
STU098,Student 098,Computer Science,2,Database Systems,21.1,53.2,11.8,96.8
STU098,Student 098,Computer Science,2,English,22.1,42.7,15.0,98.5
STU098,Student 098,Computer Science,2,Statistics,22.0,47.8,15.0,98.2
STU098,Student 098,Computer Science,3,Mathematics,16.0,53.8,11.6,93.7
STU098,Student 098,Computer Science,3,Programming,21.2,54.4,14.8,100.0
STU098,Student 098,Computer Science,3,Database Systems,20.3,50.3,15.0,93.2
STU098,Student 098,Computer Science,3,English,23.2,40.8,15.0,92.8
STU098,Student 098,Computer Science,3,Statistics,22.4,60.0,8.0,92.9
STU099,Student 099,Information Technology,1,Mathematics,21.6,32.1,11.2,89.7
STU099,Student 099,Information Technology,1,Programming,14.9,38.7,13.4,86.5
STU099,Student 099,Information Technology,1,Database Systems,22.1,52.1,15.0,90.2
STU099,Student 099,Information Technology,1,English,17.3,52.1,15.0,90.6
STU099,Student 099,Information Technology,1,Statistics,17.0,40.3,9.1,83.4
STU099,Student 099,Information Technology,2,Mathematics,19.1,51.4,10.7,80.3
STU099,Student 099,Information Technology,2,Programming,22.3,46.2,8.1,83.4
STU099,Student 099,Information Technology,2,Database Systems,22.0,51.9,11.8,87.4
STU099,Student 099,Information Technology,2,English,22.5,48.8,13.3,86.9
STU099,Student 099,Information Technology,2,Statistics,24.1,51.2,11.0,85.2
STU099,Student 099,Information Technology,3,Mathematics,16.4,38.6,13.8,86.3
STU099,Student 099,Information Technology,3,Programming,14.7,50.0,12.2,84.4
STU099,Student 099,Information Technology,3,Database Systems,19.6,46.8,12.8,86.3
STU099,Student 099,Information Technology,3,English,19.0,52.5,12.2,83.1
STU099,Student 099,Information Technology,3,Statistics,17.6,42.2,10.8,88.1
STU100,Student 100,AI & Data Science,1,Mathematics,20.0,36.2,11.7,86.8
STU100,Student 100,AI & Data Science,1,Programming,20.9,45.1,14.0,87.3
STU100,Student 100,AI & Data Science,1,Database Systems,22.9,53.2,12.1,84.9
STU100,Student 100,AI & Data Science,1,English,22.9,47.2,15.0,86.8
STU100,Student 100,AI & Data Science,1,Statistics,21.6,42.8,13.9,83.5
STU100,Student 100,AI & Data Science,2,Mathematics,18.5,49.1,15.0,85.8
STU100,Student 100,AI & Data Science,2,Programming,25.0,52.8,13.9,88.9
STU100,Student 100,AI & Data Science,2,Database Systems,25.0,49.1,11.5,80.4
STU100,Student 100,AI & Data Science,2,English,25.0,54.6,14.7,90.9
STU100,Student 100,AI & Data Science,2,Statistics,15.6,45.3,11.0,83.9
STU100,Student 100,AI & Data Science,3,Mathematics,19.8,60.0,11.4,86.2
STU100,Student 100,AI & Data Science,3,Programming,18.2,60.0,11.4,85.4
STU100,Student 100,AI & Data Science,3,Database Systems,25.0,47.7,14.3,90.8
STU100,Student 100,AI & Data Science,3,English,20.4,60.0,11.7,84.4
STU100,Student 100,AI & Data Science,3,Statistics,20.9,49.2,14.7,87.5
STU101,Student 101,Computer Science,1,Mathematics,13.6,26.2,5.7,80.1
STU101,Student 101,Computer Science,1,Programming,13.2,26.5,8.5,83.6
STU101,Student 101,Computer Science,1,Database Systems,12.7,47.9,10.0,84.4
STU101,Student 101,Computer Science,1,English,20.3,36.8,10.2,85.1
STU101,Student 101,Computer Science,1,Statistics,13.1,40.4,9.8,80.2
STU101,Student 101,Computer Science,2,Mathematics,19.7,53.9,8.1,76.9
STU101,Student 101,Computer Science,2,Programming,17.5,47.2,5.5,80.2
STU101,Student 101,Computer Science,2,Database Systems,16.9,42.0,8.3,81.2
STU101,Student 101,Computer Science,2,English,14.1,43.7,10.6,86.1
STU101,Student 101,Computer Science,2,Statistics,18.7,37.5,13.0,82.2
STU101,Student 101,Computer Science,3,Mathematics,15.4,43.3,8.6,85.8
STU101,Student 101,Computer Science,3,Programming,16.3,44.9,12.2,87.3
STU101,Student 101,Computer Science,3,Database Systems,14.8,37.7,9.7,81.3
STU101,Student 101,Computer Science,3,English,22.9,36.4,14.6,85.5
STU101,Student 101,Computer Science,3,Statistics,14.1,37.6,9.2,78.5
STU102,Student 102,Information Technology,1,Mathematics,8.9,6.6,1.7,85.8
STU102,Student 102,Information Technology,1,Programming,14.8,26.5,5.2,84.9
STU102,Student 102,Information Technology,1,Database Systems,9.9,22.4,7.3,89.0
STU102,Student 102,Information Technology,1,English,8.9,25.9,6.7,83.6
STU102,Student 102,Information Technology,1,Statistics,9.7,25.6,4.2,92.4
STU102,Student 102,Information Technology,2,Mathematics,9.9,20.3,5.0,85.4
STU102,Student 102,Information Technology,2,Programming,11.8,32.5,5.4,89.5
STU102,Student 102,Information Technology,2,Database Systems,10.6,26.1,8.6,88.5
STU102,Student 102,Information Technology,2,English,10.7,30.3,10.4,83.2
STU102,Student 102,Information Technology,2,Statistics,9.3,23.0,9.8,84.0
STU102,Student 102,Information Technology,3,Mathematics,10.3,23.3,5.8,86.9
STU102,Student 102,Information Technology,3,Programming,10.9,25.5,7.4,84.9
STU102,Student 102,Information Technology,3,Database Systems,11.3,28.1,7.4,88.1
STU102,Student 102,Information Technology,3,English,12.0,13.7,7.1,92.7
STU102,Student 102,Information Technology,3,Statistics,8.5,26.7,9.0,82.6
STU103,Student 103,AI & Data Science,1,Mathematics,10.4,35.5,7.6,92.8
STU103,Student 103,AI & Data Science,1,Programming,14.6,34.9,12.4,88.6
STU103,Student 103,AI & Data Science,1,Database Systems,17.4,29.7,6.9,88.6
STU103,Student 103,AI & Data Science,1,English,11.3,34.7,14.2,88.4
STU103,Student 103,AI & Data Science,1,Statistics,14.6,32.7,12.3,91.2
STU103,Student 103,AI & Data Science,2,Mathematics,18.3,37.9,7.0,93.7
STU103,Student 103,AI & Data Science,2,Programming,16.0,35.2,8.9,92.0
STU103,Student 103,AI & Data Science,2,Database Systems,14.9,37.5,9.8,92.3
STU103,Student 103,AI & Data Science,2,English,15.0,43.0,9.6,85.6
STU103,Student 103,AI & Data Science,2,Statistics,14.9,44.2,11.7,91.2
STU103,Student 103,AI & Data Science,3,Mathematics,15.7,30.6,11.2,87.6
STU103,Student 103,AI & Data Science,3,Programming,11.0,30.8,8.9,87.6
STU103,Student 103,AI & Data Science,3,Database Systems,17.1,41.4,9.5,86.0
STU103,Student 103,AI & Data Science,3,English,21.8,33.5,13.4,90.8
STU103,Student 103,AI & Data Science,3,Statistics,14.9,28.1,11.4,89.7
STU104,Student 104,Computer Science,1,Mathematics,22.3,49.2,11.9,95.9
STU104,Student 104,Computer Science,1,Programming,25.0,56.7,13.0,92.1
STU104,Student 104,Computer Science,1,Database Systems,17.9,50.6,13.0,95.3
STU104,Student 104,Computer Science,1,English,25.0,60.0,14.5,96.3
STU104,Student 104,Computer Science,1,Statistics,17.6,50.1,12.8,95.2
STU104,Student 104,Computer Science,2,Mathematics,25.0,56.2,12.0,93.0
STU104,Student 104,Computer Science,2,Programming,20.7,50.7,15.0,95.9
STU104,Student 104,Computer Science,2,Database Systems,25.0,43.1,15.0,95.3
STU104,Student 104,Computer Science,2,English,24.9,51.5,13.4,94.1
STU104,Student 104,Computer Science,2,Statistics,19.9,51.3,15.0,97.3
STU104,Student 104,Computer Science,3,Mathematics,22.2,49.3,15.0,92.0
STU104,Student 104,Computer Science,3,Programming,25.0,54.7,12.9,91.9
STU104,Student 104,Computer Science,3,Database Systems,23.9,50.3,15.0,94.6
STU104,Student 104,Computer Science,3,English,25.0,60.0,11.1,92.5
STU104,Student 104,Computer Science,3,Statistics,21.4,47.1,12.3,87.5
STU105,Student 105,Information Technology,1,Mathematics,7.5,30.1,9.5,96.4
STU105,Student 105,Information Technology,1,Programming,16.7,40.7,6.2,89.8
STU105,Student 105,Information Technology,1,Database Systems,11.1,32.0,8.5,92.7
STU105,Student 105,Information Technology,1,English,15.4,38.2,10.2,95.1
STU105,Student 105,Information Technology,1,Statistics,9.0,29.0,10.0,95.1
STU105,Student 105,Information Technology,2,Mathematics,11.7,27.8,11.2,88.0
STU105,Student 105,Information Technology,2,Programming,15.9,28.6,6.9,94.2
STU105,Student 105,Information Technology,2,Database Systems,17.3,26.1,13.1,86.8
STU105,Student 105,Information Technology,2,English,12.3,42.6,7.7,90.9
STU105,Student 105,Information Technology,2,Statistics,13.6,29.0,7.0,93.6
STU105,Student 105,Information Technology,3,Mathematics,11.2,39.1,9.7,94.6
STU105,Student 105,Information Technology,3,Programming,16.4,28.3,8.8,88.3
STU105,Student 105,Information Technology,3,Database Systems,6.8,32.4,10.4,95.7
STU105,Student 105,Information Technology,3,English,12.7,32.5,9.2,94.9
STU105,Student 105,Information Technology,3,Statistics,13.7,21.4,10.5,88.0
STU106,Student 106,AI & Data Science,1,Mathematics,16.5,49.0,11.4,91.1
STU106,Student 106,AI & Data Science,1,Programming,12.5,48.5,9.3,88.7
STU106,Student 106,AI & Data Science,1,Database Systems,15.9,34.4,10.8,86.7
STU106,Student 106,AI & Data Science,1,English,16.9,43.6,13.9,86.9
STU106,Student 106,AI & Data Science,1,Statistics,17.3,35.4,12.1,88.3
STU106,Student 106,AI & Data Science,2,Mathematics,10.2,35.2,11.3,84.6
STU106,Student 106,AI & Data Science,2,Programming,15.4,44.3,14.8,89.1
STU106,Student 106,AI & Data Science,2,Database Systems,18.1,43.4,10.7,83.4
STU106,Student 106,AI & Data Science,2,English,22.8,52.2,13.0,90.0
STU106,Student 106,AI & Data Science,2,Statistics,24.5,45.8,12.8,91.8
STU106,Student 106,AI & Data Science,3,Mathematics,19.1,50.3,11.5,87.3
STU106,Student 106,AI & Data Science,3,Programming,24.2,45.4,12.9,85.0
STU106,Student 106,AI & Data Science,3,Database Systems,18.0,44.3,11.2,92.0
STU106,Student 106,AI & Data Science,3,English,17.7,35.6,13.7,85.4
STU106,Student 106,AI & Data Science,3,Statistics,19.7,47.3,12.9,83.9
STU107,Student 107,Computer Science,1,Mathematics,14.4,26.2,12.9,89.8
STU107,Student 107,Computer Science,1,Programming,25.0,52.5,12.7,87.7
STU107,Student 107,Computer Science,1,Database Systems,19.6,59.3,13.9,87.3
STU107,Student 107,Computer Science,1,English,21.5,49.2,11.6,86.2
STU107,Student 107,Computer Science,1,Statistics,18.8,39.2,11.2,85.5
STU107,Student 107,Computer Science,2,Mathematics,17.2,50.7,12.1,85.8
STU107,Student 107,Computer Science,2,Programming,20.4,36.2,11.4,88.4
STU107,Student 107,Computer Science,2,Database Systems,17.3,53.7,15.0,90.6
STU107,Student 107,Computer Science,2,English,19.0,56.8,14.7,86.7
STU107,Student 107,Computer Science,2,Statistics,16.4,53.8,12.5,88.3
STU107,Student 107,Computer Science,3,Mathematics,15.3,45.3,10.5,89.5
STU107,Student 107,Computer Science,3,Programming,21.6,55.8,12.9,84.7
STU107,Student 107,Computer Science,3,Database Systems,20.0,41.8,12.5,87.0
STU107,Student 107,Computer Science,3,English,19.4,47.1,14.8,85.1
STU107,Student 107,Computer Science,3,Statistics,23.3,39.5,11.3,93.1
STU108,Student 108,Information Technology,1,Mathematics,9.0,39.0,5.9,81.7
STU108,Student 108,Information Technology,1,Programming,12.2,26.9,9.3,85.5
STU108,Student 108,Information Technology,1,Database Systems,11.2,30.9,8.0,85.2
STU108,Student 108,Information Technology,1,English,15.2,30.4,8.4,83.9
STU108,Student 108,Information Technology,1,Statistics,13.6,22.1,7.7,89.2
STU108,Student 108,Information Technology,2,Mathematics,11.8,24.4,5.3,80.2
STU108,Student 108,Information Technology,2,Programming,17.2,31.1,10.6,86.6
STU108,Student 108,Information Technology,2,Database Systems,18.1,33.5,7.3,87.8
STU108,Student 108,Information Technology,2,English,9.6,28.5,11.6,80.0
STU108,Student 108,Information Technology,2,Statistics,10.4,25.2,7.7,82.1
STU108,Student 108,Information Technology,3,Mathematics,16.8,23.7,8.1,82.1
STU108,Student 108,Information Technology,3,Programming,10.3,30.8,8.6,86.5
STU108,Student 108,Information Technology,3,Database Systems,9.6,27.7,8.9,83.0
STU108,Student 108,Information Technology,3,English,12.5,32.8,9.3,85.1
STU108,Student 108,Information Technology,3,Statistics,17.4,34.7,6.1,87.6
STU109,Student 109,AI & Data Science,1,Mathematics,20.8,45.9,11.5,87.3
STU109,Student 109,AI & Data Science,1,Programming,18.8,44.1,12.5,86.9
STU109,Student 109,AI & Data Science,1,Database Systems,21.9,51.3,12.8,84.8
STU109,Student 109,AI & Data Science,1,English,21.8,50.4,15.0,87.4
STU109,Student 109,AI & Data Science,1,Statistics,19.9,50.8,15.0,88.3
STU109,Student 109,AI & Data Science,2,Mathematics,19.6,46.8,15.0,88.0
STU109,Student 109,AI & Data Science,2,Programming,19.8,44.0,13.8,87.5
STU109,Student 109,AI & Data Science,2,Database Systems,17.7,58.5,12.2,85.6
STU109,Student 109,AI & Data Science,2,English,22.9,52.2,13.8,89.7
STU109,Student 109,AI & Data Science,2,Statistics,20.3,37.8,9.9,86.1
STU109,Student 109,AI & Data Science,3,Mathematics,16.1,38.5,15.0,88.1
STU109,Student 109,AI & Data Science,3,Programming,21.8,47.9,15.0,84.0
STU109,Student 109,AI & Data Science,3,Database Systems,25.0,58.0,13.0,91.9
STU109,Student 109,AI & Data Science,3,English,21.3,56.5,15.0,86.1
STU109,Student 109,AI & Data Science,3,Statistics,19.0,58.7,13.4,84.7
STU110,Student 110,Computer Science,1,Mathematics,16.4,28.6,8.8,78.2
STU110,Student 110,Computer Science,1,Programming,14.7,44.4,12.1,76.7
STU110,Student 110,Computer Science,1,Database Systems,20.9,46.5,11.4,80.6
STU110,Student 110,Computer Science,1,English,16.7,45.8,11.6,78.7
STU110,Student 110,Computer Science,1,Statistics,18.8,50.7,13.1,77.4
STU110,Student 110,Computer Science,2,Mathematics,19.3,43.2,12.2,77.0
STU110,Student 110,Computer Science,2,Programming,25.0,38.0,12.4,81.3
STU110,Student 110,Computer Science,2,Database Systems,14.9,52.3,14.0,77.8
STU110,Student 110,Computer Science,2,English,25.0,42.8,11.4,86.0
STU110,Student 110,Computer Science,2,Statistics,16.7,52.7,15.0,74.6
STU110,Student 110,Computer Science,3,Mathematics,18.1,46.3,11.7,80.4
STU110,Student 110,Computer Science,3,Programming,19.6,55.5,14.1,79.2
STU110,Student 110,Computer Science,3,Database Systems,16.3,53.0,10.7,76.5
STU110,Student 110,Computer Science,3,English,24.0,53.2,12.5,75.5
STU110,Student 110,Computer Science,3,Statistics,17.0,47.9,15.0,77.0
STU111,Student 111,Information Technology,1,Mathematics,17.1,47.8,14.5,79.6
STU111,Student 111,Information Technology,1,Programming,22.5,43.7,13.6,74.1
STU111,Student 111,Information Technology,1,Database Systems,19.9,53.1,12.3,77.6
STU111,Student 111,Information Technology,1,English,21.9,54.4,12.6,78.7
STU111,Student 111,Information Technology,1,Statistics,14.4,60.0,14.3,76.4
STU111,Student 111,Information Technology,2,Mathematics,20.3,46.5,11.8,75.6
STU111,Student 111,Information Technology,2,Programming,19.6,51.9,15.0,72.7
STU111,Student 111,Information Technology,2,Database Systems,18.4,50.3,14.4,72.2
STU111,Student 111,Information Technology,2,English,19.1,60.0,12.3,75.4
STU111,Student 111,Information Technology,2,Statistics,20.9,50.9,9.8,78.8
STU111,Student 111,Information Technology,3,Mathematics,25.0,50.4,15.0,78.2
STU111,Student 111,Information Technology,3,Programming,25.0,40.4,15.0,73.7
STU111,Student 111,Information Technology,3,Database Systems,18.4,54.3,13.0,78.2
STU111,Student 111,Information Technology,3,English,19.8,52.2,12.4,79.7
STU111,Student 111,Information Technology,3,Statistics,22.6,49.4,13.4,77.7
STU112,Student 112,AI & Data Science,1,Mathematics,9.2,19.3,7.1,87.7
STU112,Student 112,AI & Data Science,1,Programming,11.9,21.2,3.4,90.8
STU112,Student 112,AI & Data Science,1,Database Systems,9.3,19.3,8.2,95.5
STU112,Student 112,AI & Data Science,1,English,9.8,31.4,6.5,96.8
STU112,Student 112,AI & Data Science,1,Statistics,6.0,17.8,4.4,90.4
STU112,Student 112,AI & Data Science,2,Mathematics,11.3,7.9,5.1,91.1
STU112,Student 112,AI & Data Science,2,Programming,9.9,29.2,8.3,98.3
STU112,Student 112,AI & Data Science,2,Database Systems,9.4,20.4,3.3,83.4
STU112,Student 112,AI & Data Science,2,English,13.5,30.8,9.1,95.2
STU112,Student 112,AI & Data Science,2,Statistics,8.0,26.1,6.5,92.8
STU112,Student 112,AI & Data Science,3,Mathematics,10.7,30.2,4.8,94.0
STU112,Student 112,AI & Data Science,3,Programming,7.8,28.9,6.4,95.8
STU112,Student 112,AI & Data Science,3,Database Systems,9.6,16.0,8.0,92.1
STU112,Student 112,AI & Data Science,3,English,9.0,26.3,10.8,84.3
STU112,Student 112,AI & Data Science,3,Statistics,8.2,23.1,5.8,86.5
STU113,Student 113,Computer Science,1,Mathematics,22.2,39.2,13.1,95.0
STU113,Student 113,Computer Science,1,Programming,23.4,60.0,14.7,99.9
STU113,Student 113,Computer Science,1,Database Systems,19.0,54.9,13.2,99.6
STU113,Student 113,Computer Science,1,English,19.5,49.7,13.5,98.0
STU113,Student 113,Computer Science,1,Statistics,24.3,48.2,12.4,95.6
STU113,Student 113,Computer Science,2,Mathematics,16.8,43.2,14.3,95.5
STU113,Student 113,Computer Science,2,Programming,23.6,44.8,15.0,92.0
STU113,Student 113,Computer Science,2,Database Systems,21.9,45.6,12.8,98.3
STU113,Student 113,Computer Science,2,English,20.1,47.9,12.7,93.3
STU113,Student 113,Computer Science,2,Statistics,23.0,36.6,12.8,96.0
STU113,Student 113,Computer Science,3,Mathematics,19.9,45.0,12.7,98.3
STU113,Student 113,Computer Science,3,Programming,22.6,49.1,14.5,91.7
STU113,Student 113,Computer Science,3,Database Systems,20.2,49.4,13.8,97.3
STU113,Student 113,Computer Science,3,English,19.8,53.3,13.9,95.9
STU113,Student 113,Computer Science,3,Statistics,23.5,51.8,12.4,97.4
STU114,Student 114,Information Technology,1,Mathematics,11.2,31.5,6.5,91.0
STU114,Student 114,Information Technology,1,Programming,15.8,28.5,6.8,91.3
STU114,Student 114,Information Technology,1,Database Systems,9.9,23.3,9.0,96.0
STU114,Student 114,Information Technology,1,English,13.4,28.4,10.7,91.4
STU114,Student 114,Information Technology,1,Statistics,6.5,23.2,6.6,91.9
STU114,Student 114,Information Technology,2,Mathematics,8.3,26.8,5.7,88.3
STU114,Student 114,Information Technology,2,Programming,17.6,47.1,9.3,85.1
STU114,Student 114,Information Technology,2,Database Systems,11.2,21.0,6.6,90.7
STU114,Student 114,Information Technology,2,English,15.0,27.6,8.9,95.5
STU114,Student 114,Information Technology,2,Statistics,10.2,31.9,9.6,95.0
STU114,Student 114,Information Technology,3,Mathematics,16.7,20.5,10.4,96.5
STU114,Student 114,Information Technology,3,Programming,16.9,28.7,12.2,94.0
STU114,Student 114,Information Technology,3,Database Systems,14.8,16.9,7.1,92.0
STU114,Student 114,Information Technology,3,English,11.1,37.6,9.6,92.7
STU114,Student 114,Information Technology,3,Statistics,12.4,33.7,7.7,98.4
STU115,Student 115,AI & Data Science,1,Mathematics,22.2,56.6,15.0,99.4
STU115,Student 115,AI & Data Science,1,Programming,21.3,48.6,15.0,96.2
STU115,Student 115,AI & Data Science,1,Database Systems,22.3,60.0,15.0,95.3
STU115,Student 115,AI & Data Science,1,English,24.6,56.0,15.0,90.4
STU115,Student 115,AI & Data Science,1,Statistics,18.2,50.9,10.9,93.1
STU115,Student 115,AI & Data Science,2,Mathematics,25.0,60.0,12.4,92.2
STU115,Student 115,AI & Data Science,2,Programming,19.6,49.1,14.3,96.1
STU115,Student 115,AI & Data Science,2,Database Systems,23.8,52.1,15.0,98.6
STU115,Student 115,AI & Data Science,2,English,25.0,55.8,15.0,99.3
STU115,Student 115,AI & Data Science,2,Statistics,22.6,50.4,12.6,96.9
STU115,Student 115,AI & Data Science,3,Mathematics,17.7,42.6,13.8,93.1
STU115,Student 115,AI & Data Science,3,Programming,22.7,47.0,12.3,97.6
STU115,Student 115,AI & Data Science,3,Database Systems,25.0,42.6,15.0,98.8
STU115,Student 115,AI & Data Science,3,English,17.9,52.3,10.8,93.2
STU115,Student 115,AI & Data Science,3,Statistics,18.5,51.2,15.0,95.2
STU116,Student 116,Computer Science,1,Mathematics,13.3,30.3,9.0,77.8
STU116,Student 116,Computer Science,1,Programming,10.8,34.0,7.7,79.3
STU116,Student 116,Computer Science,1,Database Systems,18.4,37.1,10.0,76.1
STU116,Student 116,Computer Science,1,English,15.8,43.0,12.4,79.3
STU116,Student 116,Computer Science,1,Statistics,15.0,36.2,10.2,81.4
STU116,Student 116,Computer Science,2,Mathematics,11.3,32.9,12.6,80.8
STU116,Student 116,Computer Science,2,Programming,16.0,35.8,9.6,75.9
STU116,Student 116,Computer Science,2,Database Systems,20.0,30.8,7.5,81.1
STU116,Student 116,Computer Science,2,English,13.9,44.1,8.7,84.1
STU116,Student 116,Computer Science,2,Statistics,11.9,34.0,7.1,73.2
STU116,Student 116,Computer Science,3,Mathematics,13.3,40.5,5.8,80.2
STU116,Student 116,Computer Science,3,Programming,13.3,35.6,8.6,77.3
STU116,Student 116,Computer Science,3,Database Systems,15.0,28.1,11.8,82.0
STU116,Student 116,Computer Science,3,English,10.7,47.6,10.3,80.8
STU116,Student 116,Computer Science,3,Statistics,14.1,29.7,8.5,84.0
STU117,Student 117,Information Technology,1,Mathematics,21.0,37.8,15.0,93.0
STU117,Student 117,Information Technology,1,Programming,20.4,39.3,14.7,95.5
STU117,Student 117,Information Technology,1,Database Systems,17.5,48.4,11.9,84.3
STU117,Student 117,Information Technology,1,English,23.5,51.6,14.0,94.0
STU117,Student 117,Information Technology,1,Statistics,20.4,44.8,14.0,88.9
STU117,Student 117,Information Technology,2,Mathematics,22.9,50.3,9.8,91.8
STU117,Student 117,Information Technology,2,Programming,24.8,50.3,12.2,90.3
STU117,Student 117,Information Technology,2,Database Systems,23.5,46.6,14.1,91.3
STU117,Student 117,Information Technology,2,English,23.9,51.5,13.1,96.1
STU117,Student 117,Information Technology,2,Statistics,22.1,58.1,13.4,92.9
STU117,Student 117,Information Technology,3,Mathematics,16.9,44.9,11.7,87.9
STU117,Student 117,Information Technology,3,Programming,19.9,43.1,14.6,96.3
STU117,Student 117,Information Technology,3,Database Systems,22.4,55.2,14.5,90.7
STU117,Student 117,Information Technology,3,English,22.8,59.4,13.1,89.9
STU117,Student 117,Information Technology,3,Statistics,22.9,50.4,13.1,87.3
STU118,Student 118,AI & Data Science,1,Mathematics,14.4,27.2,10.5,94.4
STU118,Student 118,AI & Data Science,1,Programming,17.0,28.5,9.6,94.3
STU118,Student 118,AI & Data Science,1,Database Systems,20.5,42.7,7.9,89.4
STU118,Student 118,AI & Data Science,1,English,17.5,44.9,12.6,94.6
STU118,Student 118,AI & Data Science,1,Statistics,15.7,42.0,6.5,91.2
STU118,Student 118,AI & Data Science,2,Mathematics,16.5,39.5,10.1,90.9
STU118,Student 118,AI & Data Science,2,Programming,16.1,32.2,12.2,86.7
STU118,Student 118,AI & Data Science,2,Database Systems,17.2,39.2,11.2,93.1
STU118,Student 118,AI & Data Science,2,English,19.6,38.9,8.3,93.1
STU118,Student 118,AI & Data Science,2,Statistics,16.0,30.4,9.2,92.1
STU118,Student 118,AI & Data Science,3,Mathematics,12.9,32.0,5.8,99.5
STU118,Student 118,AI & Data Science,3,Programming,14.4,38.3,11.3,90.3
STU118,Student 118,AI & Data Science,3,Database Systems,19.2,44.8,8.8,94.9
STU118,Student 118,AI & Data Science,3,English,16.0,48.1,12.4,92.9
STU118,Student 118,AI & Data Science,3,Statistics,16.7,39.5,11.1,94.3
STU119,Student 119,Computer Science,1,Mathematics,20.4,57.0,15.0,97.5
STU119,Student 119,Computer Science,1,Programming,25.0,48.8,13.6,97.9
STU119,Student 119,Computer Science,1,Database Systems,25.0,59.7,14.6,94.0
STU119,Student 119,Computer Science,1,English,21.6,60.0,15.0,97.4
STU119,Student 119,Computer Science,1,Statistics,21.8,52.7,15.0,99.0
STU119,Student 119,Computer Science,2,Mathematics,21.2,57.8,15.0,97.1
STU119,Student 119,Computer Science,2,Programming,23.9,59.9,15.0,98.7
STU119,Student 119,Computer Science,2,Database Systems,21.7,57.9,15.0,100.0
STU119,Student 119,Computer Science,2,English,22.0,60.0,15.0,93.2
STU119,Student 119,Computer Science,2,Statistics,19.5,60.0,13.9,100.0
STU119,Student 119,Computer Science,3,Mathematics,11.9,60.0,15.0,96.0
STU119,Student 119,Computer Science,3,Programming,19.6,60.0,12.1,100.0
STU119,Student 119,Computer Science,3,Database Systems,25.0,53.0,15.0,96.3
STU119,Student 119,Computer Science,3,English,25.0,60.0,15.0,95.2
STU119,Student 119,Computer Science,3,Statistics,23.6,54.2,14.9,98.9
STU120,Student 120,Information Technology,1,Mathematics,8.4,20.9,8.8,76.1
STU120,Student 120,Information Technology,1,Programming,7.8,36.5,9.7,73.5
STU120,Student 120,Information Technology,1,Database Systems,15.0,26.6,8.3,76.5
STU120,Student 120,Information Technology,1,English,15.2,25.5,7.6,75.6
STU120,Student 120,Information Technology,1,Statistics,14.2,20.9,9.9,70.4
STU120,Student 120,Information Technology,2,Mathematics,11.2,31.3,9.4,80.8
STU120,Student 120,Information Technology,2,Programming,14.6,28.1,8.9,75.5
STU120,Student 120,Information Technology,2,Database Systems,11.4,26.1,8.0,72.2
STU120,Student 120,Information Technology,2,English,15.7,27.0,8.1,68.8
STU120,Student 120,Information Technology,2,Statistics,7.4,25.9,4.9,74.8
STU120,Student 120,Information Technology,3,Mathematics,10.8,17.8,9.5,72.9
STU120,Student 120,Information Technology,3,Programming,12.0,31.5,11.2,72.5
STU120,Student 120,Information Technology,3,Database Systems,12.3,47.3,6.1,79.8
STU120,Student 120,Information Technology,3,English,15.2,20.7,9.2,74.6
STU120,Student 120,Information Technology,3,Statistics,13.1,20.2,6.3,75.8
